MatchID,Div,Date,Time,HomeTeamID,AwayTeamID,FTHG,FTAG,FTR,HTHG,HTAG,HTR
1,B1,08/08/2020,15:30,1,12,0.0,1.0,A,0.0,0.0,D
2,B1,08/08/2020,18:00,2,10,1.0,1.0,D,0.0,0.0,D
3,B1,08/08/2020,18:00,3,14,1.0,0.0,H,0.0,0.0,D
4,B1,09/08/2020,12:30,4,13,2.0,1.0,H,1.0,1.0,D
5,B1,09/08/2020,15:00,5,11,1.0,2.0,A,1.0,0.0,H
6,B1,09/08/2020,17:15,6,17,2.0,2.0,D,0.0,0.0,D
7,B1,09/08/2020,19:45,7,18,1.0,3.0,A,0.0,1.0,A
8,B1,10/08/2020,18:00,8,16,1.0,1.0,D,0.0,0.0,D
9,B1,10/08/2020,18:00,9,15,1.0,2.0,A,0.0,1.0,A
10,B1,14/08/2020,18:00,10,6,0.0,1.0,A,0.0,1.0,A
11,B1,15/08/2020,15:30,11,8,1.0,1.0,D,0.0,0.0,D
12,B1,15/08/2020,18:00,12,9,1.0,0.0,H,0.0,0.0,D
13,B1,15/08/2020,18:00,13,7,1.0,2.0,A,0.0,1.0,A
14,B1,16/08/2020,12:30,14,2,2.0,1.0,H,0.0,1.0,A
15,B1,16/08/2020,15:00,15,5,3.0,1.0,H,1.0,0.0,H
16,B1,16/08/2020,15:00,16,1,0.0,4.0,A,0.0,1.0,A
17,B1,16/08/2020,17:15,17,4,3.0,1.0,H,1.0,0.0,H
18,B1,17/08/2020,18:00,18,3,1.0,2.0,A,0.0,0.0,D
19,B1,21/08/2020,18:00,7,16,0.0,0.0,D,0.0,0.0,D
20,B1,22/08/2020,15:15,5,18,4.0,1.0,H,1.0,0.0,H
21,B1,22/08/2020,17:30,6,14,2.0,3.0,A,1.0,0.0,H
22,B1,22/08/2020,17:30,8,12,1.0,3.0,A,1.0,1.0,D
23,B1,22/08/2020,19:45,2,13,1.0,0.0,H,1.0,0.0,H
24,B1,23/08/2020,12:30,3,11,0.0,0.0,D,0.0,0.0,D
25,B1,23/08/2020,15:00,1,15,0.0,1.0,A,0.0,1.0,A
26,B1,23/08/2020,17:15,17,10,1.0,1.0,D,0.0,0.0,D
27,B1,24/08/2020,19:45,4,9,0.0,0.0,D,0.0,0.0,D
28,B1,28/08/2020,19:45,9,17,2.0,2.0,D,2.0,1.0,H
29,B1,29/08/2020,15:15,16,4,1.0,1.0,D,1.0,0.0,H
30,B1,29/08/2020,17:30,14,7,0.0,1.0,A,0.0,0.0,D
31,B1,29/08/2020,17:30,18,8,1.0,3.0,A,0.0,1.0,A
32,B1,29/08/2020,19:45,10,5,0.0,1.0,A,0.0,0.0,D
33,B1,30/08/2020,12:30,11,1,1.0,2.0,A,0.0,1.0,A
34,B1,30/08/2020,15:00,15,3,0.0,3.0,A,0.0,1.0,A
35,B1,30/08/2020,17:15,12,2,2.0,0.0,H,1.0,0.0,H
36,B1,30/08/2020,19:45,13,6,1.0,0.0,H,1.0,0.0,H
37,B1,11/09/2020,19:45,16,13,2.0,1.0,H,1.0,0.0,H
38,B1,12/09/2020,15:15,6,9,0.0,1.0,A,0.0,0.0,D
39,B1,12/09/2020,17:30,8,3,1.0,0.0,H,0.0,0.0,D
40,B1,12/09/2020,19:45,1,18,4.0,1.0,H,2.0,1.0,H
41,B1,13/09/2020,12:30,17,14,2.0,0.0,H,1.0,0.0,H
42,B1,13/09/2020,15:00,4,2,2.0,3.0,A,2.0,2.0,D
43,B1,13/09/2020,17:15,5,12,0.0,2.0,A,0.0,0.0,D
44,B1,13/09/2020,19:45,7,10,3.0,0.0,H,0.0,0.0,D
45,B1,14/09/2020,19:45,15,11,5.0,2.0,H,1.0,1.0,D
46,B1,18/09/2020,19:45,12,15,3.0,1.0,H,1.0,0.0,H
47,B1,19/09/2020,15:15,9,8,3.0,1.0,H,1.0,0.0,H
48,B1,19/09/2020,17:30,10,13,0.0,1.0,A,0.0,1.0,A
49,B1,19/09/2020,19:45,18,17,2.0,4.0,A,0.0,2.0,A
50,B1,20/09/2020,12:30,5,1,0.0,6.0,A,0.0,4.0,A
51,B1,20/09/2020,15:00,3,7,2.0,1.0,H,2.0,1.0,H
52,B1,20/09/2020,17:15,11,6,3.0,1.0,H,1.0,1.0,D
53,B1,20/09/2020,19:45,2,16,2.0,2.0,D,0.0,1.0,A
54,B1,21/09/2020,19:45,14,4,3.0,0.0,H,2.0,0.0,H
55,B1,25/09/2020,19:45,7,2,1.0,3.0,A,1.0,0.0,H
56,B1,26/09/2020,15:15,15,18,3.0,2.0,H,1.0,2.0,A
57,B1,26/09/2020,17:30,6,4,2.0,0.0,H,0.0,0.0,D
58,B1,26/09/2020,19:45,13,8,2.0,3.0,A,0.0,2.0,A
59,B1,27/09/2020,12:30,3,5,2.0,2.0,D,0.0,1.0,A
60,B1,27/09/2020,15:00,17,16,1.0,1.0,D,0.0,0.0,D
61,B1,27/09/2020,17:15,1,14,2.0,1.0,H,1.0,0.0,H
62,B1,27/09/2020,19:45,10,12,1.0,1.0,D,1.0,1.0,D
63,B1,28/09/2020,19:45,11,9,2.0,2.0,D,1.0,1.0,D
64,B1,02/10/2020,19:45,2,6,4.0,1.0,H,3.0,0.0,H
65,B1,03/10/2020,15:15,18,11,1.0,1.0,D,0.0,0.0,D
66,B1,03/10/2020,17:30,16,14,1.0,2.0,A,1.0,1.0,D
67,B1,03/10/2020,17:30,8,5,2.0,1.0,H,1.0,0.0,H
68,B1,03/10/2020,19:45,4,7,0.0,0.0,D,0.0,0.0,D
69,B1,04/10/2020,12:30,1,17,3.0,0.0,H,1.0,0.0,H
70,B1,04/10/2020,15:00,13,15,5.0,1.0,H,3.0,0.0,H
71,B1,04/10/2020,17:15,12,3,1.0,2.0,A,0.0,0.0,D
72,B1,04/10/2020,19:45,9,10,3.0,0.0,H,0.0,0.0,D
73,B1,17/10/2020,15:15,14,13,5.0,2.0,H,2.0,1.0,H
74,B1,17/10/2020,17:30,15,4,6.0,3.0,H,5.0,1.0,H
75,B1,17/10/2020,17:30,6,7,1.0,2.0,A,0.0,0.0,D
76,B1,17/10/2020,19:45,3,1,1.0,1.0,D,0.0,1.0,A
77,B1,18/10/2020,12:30,5,2,1.0,3.0,A,1.0,0.0,H
78,B1,18/10/2020,15:00,10,16,0.0,2.0,A,0.0,0.0,D
79,B1,18/10/2020,17:15,11,12,2.0,1.0,H,1.0,0.0,H
80,B1,18/10/2020,19:30,17,8,2.0,2.0,D,2.0,0.0,H
81,B1,23/10/2020,19:45,7,17,1.0,3.0,A,0.0,2.0,A
82,B1,24/10/2020,19:45,8,1,2.0,1.0,H,1.0,1.0,D
83,B1,25/10/2020,12:30,2,15,3.0,2.0,H,2.0,1.0,H
84,B1,25/10/2020,15:00,9,5,3.0,0.0,H,3.0,0.0,H
85,B1,25/10/2020,17:15,4,3,2.0,0.0,H,1.0,0.0,H
86,B1,26/10/2020,19:45,13,11,1.0,2.0,A,1.0,1.0,D
87,B1,30/10/2020,19:45,11,16,4.0,0.0,H,1.0,0.0,H
88,B1,31/10/2020,15:15,15,8,4.0,2.0,H,2.0,1.0,H
89,B1,31/10/2020,17:30,12,14,3.0,0.0,H,0.0,0.0,D
90,B1,31/10/2020,19:45,1,6,2.0,2.0,D,2.0,1.0,H
91,B1,01/11/2020,12:30,17,2,1.0,0.0,H,0.0,0.0,D
92,B1,01/11/2020,17:15,3,9,1.0,0.0,H,0.0,0.0,D
93,B1,01/11/2020,19:45,18,13,1.0,4.0,A,0.0,4.0,A
94,B1,02/11/2020,19:45,5,7,1.0,1.0,D,0.0,0.0,D
95,B1,06/11/2020,19:45,6,12,3.0,3.0,D,2.0,1.0,H
96,B1,07/11/2020,15:15,7,15,5.0,5.0,D,2.0,1.0,H
97,B1,07/11/2020,17:30,16,18,1.0,1.0,D,0.0,1.0,A
98,B1,07/11/2020,19:45,4,11,1.0,2.0,A,1.0,2.0,A
99,B1,08/11/2020,12:30,2,3,1.0,1.0,D,1.0,0.0,H
100,B1,08/11/2020,15:00,9,1,1.0,3.0,A,1.0,1.0,D
101,B1,08/11/2020,17:15,13,17,1.0,1.0,D,0.0,1.0,A
102,B1,08/11/2020,19:45,14,5,1.0,3.0,A,0.0,2.0,A
103,B1,21/11/2020,15:15,3,16,2.0,2.0,D,1.0,1.0,D
104,B1,21/11/2020,17:30,9,2,1.0,1.0,D,0.0,0.0,D
105,B1,21/11/2020,17:30,18,14,0.0,2.0,A,0.0,1.0,A
106,B1,21/11/2020,19:45,1,7,1.0,0.0,H,0.0,0.0,D
107,B1,22/11/2020,12:30,15,17,2.0,1.0,H,1.0,0.0,H
108,B1,22/11/2020,15:00,5,6,1.0,2.0,A,0.0,1.0,A
109,B1,22/11/2020,17:15,12,13,0.0,1.0,A,0.0,1.0,A
110,B1,22/11/2020,19:45,11,10,4.0,1.0,H,1.0,1.0,D
111,B1,23/11/2020,19:45,8,4,2.0,2.0,D,1.0,1.0,D
112,B1,24/11/2020,16:00,18,9,2.0,0.0,H,0.0,0.0,D
113,B1,25/11/2020,16:00,14,10,1.0,2.0,A,0.0,0.0,D
114,B1,27/11/2020,19:45,16,12,3.0,1.0,H,1.0,0.0,H
115,B1,28/11/2020,15:15,4,18,1.0,1.0,D,1.0,0.0,H
116,B1,28/11/2020,17:30,14,11,1.0,5.0,A,0.0,4.0,A
117,B1,28/11/2020,19:45,10,1,0.0,0.0,D,0.0,0.0,D
118,B1,29/11/2020,12:30,6,15,2.0,3.0,A,2.0,1.0,H
119,B1,29/11/2020,15:00,13,5,0.0,3.0,A,0.0,2.0,A
120,B1,29/11/2020,17:15,17,3,0.0,0.0,D,0.0,0.0,D
121,B1,29/11/2020,19:45,7,9,3.0,1.0,H,1.0,1.0,D
122,B1,30/11/2020,19:45,2,8,3.0,2.0,H,2.0,2.0,D
123,B1,01/12/2020,16:00,10,4,3.0,2.0,H,1.0,0.0,H
124,B1,02/12/2020,16:00,12,18,0.0,2.0,A,0.0,1.0,A
125,B1,03/12/2020,16:00,16,6,1.0,1.0,D,1.0,0.0,H
126,B1,04/12/2020,19:45,5,17,2.0,2.0,D,1.0,1.0,D
127,B1,05/12/2020,15:15,18,10,2.0,0.0,H,0.0,0.0,D
128,B1,05/12/2020,17:30,8,14,2.0,1.0,H,1.0,0.0,H
129,B1,05/12/2020,19:45,1,4,1.0,0.0,H,0.0,0.0,D
130,B1,06/12/2020,12:30,11,2,4.0,2.0,H,2.0,1.0,H
131,B1,06/12/2020,15:00,15,16,0.0,1.0,A,0.0,1.0,A
132,B1,06/12/2020,17:15,3,6,2.0,2.0,D,1.0,0.0,H
133,B1,06/12/2020,19:45,9,13,2.0,1.0,H,0.0,1.0,A
134,B1,07/12/2020,19:45,12,7,0.0,0.0,D,0.0,0.0,D
135,B1,08/12/2020,16:00,8,10,2.0,0.0,H,0.0,0.0,D
136,B1,11/12/2020,19:45,17,11,1.0,0.0,H,0.0,0.0,D
137,B1,12/12/2020,15:15,10,15,3.0,1.0,H,1.0,0.0,H
138,B1,12/12/2020,17:30,14,9,0.0,1.0,A,0.0,1.0,A
139,B1,12/12/2020,17:30,7,8,0.0,3.0,A,0.0,0.0,D
140,B1,12/12/2020,19:45,4,12,1.0,2.0,A,1.0,1.0,D
141,B1,13/12/2020,12:30,2,1,0.0,2.0,A,0.0,1.0,A
142,B1,13/12/2020,17:15,13,3,2.0,1.0,H,1.0,1.0,D
143,B1,13/12/2020,19:45,6,18,2.0,3.0,A,1.0,0.0,H
144,B1,15/12/2020,17:45,14,12,3.0,4.0,A,2.0,0.0,H
145,B1,15/12/2020,17:45,10,8,2.0,2.0,D,0.0,1.0,A
146,B1,15/12/2020,20:00,17,9,2.0,1.0,H,1.0,0.0,H
147,B1,16/12/2020,17:45,2,5,0.0,1.0,A,0.0,1.0,A
148,B1,16/12/2020,20:00,13,18,3.0,0.0,H,1.0,0.0,H
149,B1,16/12/2020,20:00,7,3,2.0,1.0,H,2.0,0.0,H
150,B1,17/12/2020,19:45,6,1,0.0,3.0,A,0.0,0.0,D
151,B1,18/12/2020,19:45,12,17,1.0,0.0,H,0.0,0.0,D
152,B1,19/12/2020,17:30,5,4,0.0,2.0,A,0.0,0.0,D
153,B1,19/12/2020,19:45,11,7,2.0,0.0,H,1.0,0.0,H
154,B1,20/12/2020,12:30,1,13,0.0,1.0,A,0.0,0.0,D
155,B1,20/12/2020,15:00,8,6,1.0,2.0,A,0.0,2.0,A
156,B1,20/12/2020,17:15,3,10,0.0,1.0,A,0.0,1.0,A
157,B1,20/12/2020,19:45,18,2,0.0,3.0,A,0.0,3.0,A
158,B1,26/12/2020,13:00,1,16,3.0,0.0,H,0.0,0.0,D
159,B1,26/12/2020,15:15,5,14,1.0,0.0,H,0.0,0.0,D
160,B1,26/12/2020,17:30,7,13,1.0,0.0,H,0.0,0.0,D
161,B1,26/12/2020,17:30,8,9,1.0,2.0,A,1.0,0.0,H
162,B1,26/12/2020,19:45,3,4,1.0,2.0,A,0.0,2.0,A
163,B1,27/12/2020,12:30,2,12,2.0,1.0,H,0.0,0.0,D
164,B1,27/12/2020,15:00,11,18,1.0,1.0,D,1.0,1.0,D
165,B1,27/12/2020,17:15,17,15,2.0,0.0,H,1.0,0.0,H
166,B1,27/12/2020,19:45,6,10,2.0,1.0,H,1.0,0.0,H
167,B1,29/12/2020,19:45,16,5,2.0,3.0,A,1.0,0.0,H
168,B1,30/12/2020,19:45,4,15,1.0,0.0,H,1.0,0.0,H
169,B1,06/01/2021,19:45,16,11,1.0,4.0,A,1.0,2.0,A
170,B1,09/01/2021,15:15,5,10,1.0,0.0,H,1.0,0.0,H
171,B1,09/01/2021,17:30,14,16,1.0,2.0,A,0.0,0.0,D
172,B1,09/01/2021,17:30,7,11,2.0,1.0,H,1.0,1.0,D
173,B1,09/01/2021,19:45,9,12,3.0,2.0,H,1.0,1.0,D
174,B1,10/01/2021,12:30,6,2,3.0,0.0,H,0.0,0.0,D
175,B1,10/01/2021,15:00,15,13,1.0,1.0,D,1.0,1.0,D
176,B1,10/01/2021,17:15,8,17,1.0,0.0,H,0.0,0.0,D
177,B1,10/01/2021,19:45,4,1,1.0,2.0,A,0.0,2.0,A
178,B1,11/01/2021,19:45,3,18,3.0,1.0,H,1.0,0.0,H
179,B1,12/01/2021,19:45,9,16,1.0,1.0,D,0.0,0.0,D
180,B1,13/01/2021,17:30,15,14,1.0,1.0,D,1.0,0.0,H
181,B1,15/01/2021,19:45,16,17,2.0,0.0,H,0.0,0.0,D
182,B1,16/01/2021,15:15,9,7,2.0,1.0,H,1.0,0.0,H
183,B1,16/01/2021,17:30,10,11,2.0,0.0,H,1.0,0.0,H
184,B1,16/01/2021,17:30,18,5,1.0,5.0,A,0.0,2.0,A
185,B1,16/01/2021,19:45,12,6,0.0,1.0,A,0.0,0.0,D
186,B1,17/01/2021,12:30,13,2,0.0,1.0,A,0.0,0.0,D
187,B1,17/01/2021,15:00,14,3,0.0,1.0,A,0.0,1.0,A
188,B1,17/01/2021,17:15,15,1,0.0,3.0,A,0.0,2.0,A
189,B1,17/01/2021,19:45,4,8,3.0,1.0,H,2.0,1.0,H
190,B1,19/01/2021,17:45,10,18,1.0,1.0,D,0.0,0.0,D
191,B1,19/01/2021,20:00,17,12,3.0,0.0,H,2.0,0.0,H
192,B1,20/01/2021,15:30,7,4,0.0,2.0,A,0.0,2.0,A
193,B1,20/01/2021,17:45,16,15,3.0,1.0,H,2.0,1.0,H
194,B1,20/01/2021,17:45,6,3,0.0,4.0,A,0.0,1.0,A
195,B1,20/01/2021,20:00,2,14,1.0,0.0,H,0.0,0.0,D
196,B1,20/01/2021,20:00,1,9,2.0,1.0,H,1.0,1.0,D
197,B1,21/01/2021,17:45,5,8,2.0,3.0,A,2.0,1.0,H
198,B1,21/01/2021,20:00,11,13,1.0,1.0,D,1.0,1.0,D
199,B1,22/01/2021,19:45,17,18,0.0,0.0,D,0.0,0.0,D
200,B1,23/01/2021,15:15,6,16,3.0,0.0,H,1.0,0.0,H
201,B1,23/01/2021,17:30,7,14,1.0,2.0,A,1.0,2.0,A
202,B1,23/01/2021,17:30,4,10,0.0,2.0,A,0.0,1.0,A
203,B1,23/01/2021,19:45,2,9,1.0,2.0,A,1.0,1.0,D
204,B1,24/01/2021,12:30,1,11,3.0,2.0,H,1.0,2.0,A
205,B1,24/01/2021,15:00,5,15,0.0,3.0,A,0.0,0.0,D
206,B1,24/01/2021,17:15,3,12,3.0,2.0,H,2.0,1.0,H
207,B1,24/01/2021,19:45,8,13,0.0,3.0,A,0.0,1.0,A
208,B1,26/01/2021,17:45,16,2,0.0,2.0,A,0.0,2.0,A
209,B1,26/01/2021,17:45,18,6,2.0,3.0,A,0.0,2.0,A
210,B1,26/01/2021,20:00,10,17,1.0,1.0,D,1.0,0.0,H
211,B1,27/01/2021,17:45,15,7,0.0,0.0,D,0.0,0.0,D
212,B1,27/01/2021,17:45,11,5,3.0,2.0,H,1.0,0.0,H
213,B1,27/01/2021,20:00,12,8,1.0,1.0,D,0.0,1.0,A
214,B1,27/01/2021,20:00,13,4,1.0,1.0,D,0.0,1.0,A
215,B1,28/01/2021,17:45,14,1,1.0,2.0,A,1.0,1.0,D
216,B1,28/01/2021,20:00,9,3,2.0,2.0,D,1.0,0.0,H
217,B1,29/01/2021,19:45,2,18,3.0,2.0,H,1.0,1.0,D
218,B1,30/01/2021,15:15,6,11,0.0,0.0,D,0.0,0.0,D
219,B1,30/01/2021,17:30,16,10,1.0,1.0,D,1.0,0.0,H
220,B1,30/01/2021,17:30,8,15,0.0,1.0,A,0.0,0.0,D
221,B1,30/01/2021,19:45,7,12,1.0,3.0,A,0.0,1.0,A
222,B1,31/01/2021,12:30,1,3,3.0,1.0,H,2.0,1.0,H
223,B1,31/01/2021,15:00,5,9,2.0,1.0,H,1.0,1.0,D
224,B1,31/01/2021,17:15,17,13,0.0,0.0,D,0.0,0.0,D
225,B1,31/01/2021,19:45,4,14,3.0,0.0,H,1.0,0.0,H
226,B1,05/02/2021,19:45,10,7,0.0,3.0,A,0.0,2.0,A
227,B1,06/02/2021,15:15,9,4,3.0,1.0,H,1.0,0.0,H
228,B1,06/02/2021,17:30,14,6,0.0,1.0,A,0.0,0.0,D
229,B1,06/02/2021,17:30,18,1,0.0,2.0,A,0.0,1.0,A
230,B1,06/02/2021,19:45,3,8,1.0,1.0,D,0.0,0.0,D
231,B1,07/02/2021,12:30,15,2,1.0,2.0,A,0.0,0.0,D
232,B1,07/02/2021,15:00,12,5,1.0,1.0,D,1.0,0.0,H
233,B1,07/02/2021,17:15,11,17,1.0,2.0,A,1.0,2.0,A
234,B1,07/02/2021,19:45,13,16,2.0,2.0,D,2.0,1.0,H
235,B1,12/02/2021,19:45,8,7,3.0,1.0,H,3.0,0.0,H
236,B1,13/02/2021,17:30,4,5,1.0,2.0,A,0.0,0.0,D
237,B1,14/02/2021,12:30,3,2,1.0,1.0,D,1.0,1.0,D
238,B1,14/02/2021,15:00,15,6,1.0,2.0,A,0.0,0.0,D
239,B1,14/02/2021,19:45,14,17,0.0,0.0,D,0.0,0.0,D
240,B1,15/02/2021,19:45,13,10,4.0,0.0,H,1.0,0.0,H
241,B1,17/02/2021,16:00,18,16,1.0,0.0,H,1.0,0.0,H
242,B1,17/02/2021,18:00,9,11,3.0,1.0,H,2.0,1.0,H
243,B1,19/02/2021,19:45,6,13,1.0,1.0,D,1.0,1.0,D
244,B1,20/02/2021,15:15,16,9,1.0,1.0,D,0.0,0.0,D
245,B1,20/02/2021,17:30,10,14,1.0,2.0,A,0.0,1.0,A
246,B1,20/02/2021,19:45,18,12,1.0,1.0,D,0.0,0.0,D
247,B1,21/02/2021,12:30,17,7,0.0,2.0,A,0.0,1.0,A
248,B1,21/02/2021,15:00,5,3,3.0,2.0,H,1.0,1.0,D
249,B1,21/02/2021,17:15,11,15,1.0,2.0,A,0.0,0.0,D
250,B1,21/02/2021,19:45,2,4,0.0,0.0,D,0.0,0.0,D
251,B1,22/02/2021,19:45,1,8,3.0,0.0,H,2.0,0.0,H
252,B1,26/02/2021,19:45,12,11,1.0,2.0,A,0.0,1.0,A
253,B1,27/02/2021,15:15,14,18,2.0,0.0,H,1.0,0.0,H
254,B1,27/02/2021,17:30,9,6,2.0,0.0,H,1.0,0.0,H
255,B1,27/02/2021,19:45,7,5,1.0,2.0,A,1.0,1.0,D
256,B1,28/02/2021,12:30,3,17,1.0,3.0,A,0.0,1.0,A
257,B1,28/02/2021,15:00,15,10,2.0,2.0,D,0.0,1.0,A
258,B1,28/02/2021,19:45,4,16,0.0,2.0,A,0.0,1.0,A
259,B1,01/03/2021,19:45,8,2,2.0,0.0,H,2.0,0.0,H
260,B1,05/03/2021,19:45,12,4,0.0,0.0,D,0.0,0.0,D
261,B1,06/03/2021,15:15,16,8,3.0,3.0,D,2.0,2.0,D
262,B1,06/03/2021,17:30,18,15,1.0,2.0,A,1.0,1.0,D
263,B1,06/03/2021,19:45,2,7,4.0,2.0,H,1.0,0.0,H
264,B1,07/03/2021,12:30,10,3,1.0,0.0,H,1.0,0.0,H
265,B1,07/03/2021,15:00,1,5,3.0,0.0,H,2.0,0.0,H
266,B1,07/03/2021,17:15,17,6,1.0,1.0,D,1.0,0.0,H
267,B1,07/03/2021,19:45,11,14,2.0,0.0,H,2.0,0.0,H
268,B1,08/03/2021,19:45,13,9,1.0,0.0,H,1.0,0.0,H
269,B1,12/03/2021,19:45,12,1,1.0,1.0,D,0.0,1.0,A
270,B1,15/03/2021,19:45,13,1,0.0,4.0,A,0.0,0.0,D
271,B1,19/03/2021,19:45,11,3,2.0,2.0,D,0.0,0.0,D
272,B1,20/03/2021,17:30,10,9,0.0,1.0,A,0.0,0.0,D
273,B1,20/03/2021,19:45,16,7,2.0,0.0,H,0.0,0.0,D
274,B1,21/03/2021,12:30,1,2,0.0,2.0,A,0.0,2.0,A
275,B1,21/03/2021,15:00,6,8,2.0,2.0,D,1.0,1.0,D
276,B1,21/03/2021,17:15,17,5,4.0,1.0,H,2.0,1.0,H
277,B1,21/03/2021,19:45,13,14,1.0,0.0,H,0.0,0.0,D
278,B1,03/04/2021,15:15,9,18,0.0,2.0,A,0.0,2.0,A
279,B1,03/04/2021,17:30,4,6,2.0,1.0,H,2.0,0.0,H
280,B1,03/04/2021,19:45,7,1,1.0,2.0,A,1.0,1.0,D
281,B1,04/04/2021,12:30,14,15,2.0,1.0,H,2.0,0.0,H
282,B1,04/04/2021,17:15,3,13,2.0,1.0,H,0.0,1.0,A
283,B1,04/04/2021,19:45,12,10,1.0,1.0,D,0.0,0.0,D
284,B1,05/04/2021,12:30,8,11,2.0,3.0,A,0.0,1.0,A
285,B1,05/04/2021,15:00,5,16,2.0,1.0,H,0.0,1.0,A
286,B1,05/04/2021,17:15,2,17,1.0,4.0,A,0.0,0.0,D
287,B1,06/04/2021,18:00,18,4,2.0,4.0,A,1.0,1.0,D
288,B1,07/04/2021,18:00,15,12,2.0,1.0,H,1.0,0.0,H
289,B1,09/04/2021,19:45,16,3,0.0,4.0,A,0.0,1.0,A
290,B1,10/04/2021,15:15,14,8,3.0,0.0,H,1.0,0.0,H
291,B1,10/04/2021,17:30,6,5,4.0,2.0,H,2.0,0.0,H
292,B1,10/04/2021,19:45,13,12,4.0,0.0,H,2.0,0.0,H
293,B1,11/04/2021,12:30,11,4,4.0,0.0,H,3.0,0.0,H
294,B1,11/04/2021,15:00,18,7,3.0,4.0,A,2.0,1.0,H
295,B1,11/04/2021,17:15,17,1,2.0,1.0,H,0.0,0.0,D
296,B1,11/04/2021,19:45,15,9,1.0,2.0,A,1.0,0.0,H
297,B1,12/04/2021,19:45,10,2,2.0,3.0,A,0.0,1.0,A
298,B1,17/04/2021,17:30,12,16,2.0,3.0,A,1.0,3.0,A
299,B1,17/04/2021,19:45,2,11,3.0,2.0,H,0.0,1.0,A
300,B1,18/04/2021,17:00,1,10,4.0,2.0,H,0.0,0.0,D
301,B1,18/04/2021,17:00,7,6,1.0,4.0,A,1.0,2.0,A
302,B1,18/04/2021,17:00,9,14,1.0,1.0,D,0.0,0.0,D
303,B1,18/04/2021,17:00,8,18,1.0,2.0,A,0.0,1.0,A
304,B1,18/04/2021,17:00,4,17,0.0,1.0,A,0.0,0.0,D
305,B1,18/04/2021,17:00,3,15,3.0,0.0,H,1.0,0.0,H
306,B1,18/04/2021,17:00,5,13,2.0,7.0,A,0.0,3.0,A
307,B1,23/07/2021,19:45,3,11,1.0,1.0,D,0.0,0.0,D
308,B1,24/07/2021,15:15,8,5,1.0,1.0,D,1.0,1.0,D
309,B1,24/07/2021,17:30,7,19,2.0,0.0,H,1.0,0.0,H
310,B1,24/07/2021,19:45,9,12,0.0,3.0,A,0.0,1.0,A
311,B1,25/07/2021,12:30,6,2,3.0,2.0,H,0.0,1.0,A
312,B1,25/07/2021,15:00,1,16,2.0,2.0,D,0.0,0.0,D
313,B1,25/07/2021,17:30,17,20,1.0,3.0,A,1.0,1.0,D
314,B1,25/07/2021,20:00,4,13,2.0,1.0,H,1.0,1.0,D
315,B1,27/07/2021,17:30,15,14,0.0,1.0,A,0.0,1.0,A
316,B1,30/07/2021,19:45,11,9,3.0,4.0,A,2.0,1.0,H
317,B1,31/07/2021,15:15,12,4,0.0,0.0,D,0.0,0.0,D
318,B1,31/07/2021,17:30,14,8,1.0,1.0,D,0.0,1.0,A
319,B1,31/07/2021,17:30,19,6,1.0,0.0,H,1.0,0.0,H
320,B1,31/07/2021,19:45,16,17,1.0,1.0,D,1.0,1.0,D
321,B1,01/08/2021,12:30,20,1,0.0,1.0,A,0.0,0.0,D
322,B1,01/08/2021,15:00,5,3,1.0,2.0,A,0.0,0.0,D
323,B1,01/08/2021,17:30,13,15,2.0,2.0,D,1.0,0.0,H
324,B1,01/08/2021,20:00,2,7,0.0,1.0,A,0.0,0.0,D
325,B1,06/08/2021,19:45,1,14,1.0,1.0,D,1.0,0.0,H
326,B1,07/08/2021,15:15,15,20,0.0,3.0,A,0.0,1.0,A
327,B1,07/08/2021,17:30,6,16,1.0,3.0,A,1.0,0.0,H
328,B1,07/08/2021,17:30,4,5,1.0,3.0,A,0.0,0.0,D
329,B1,07/08/2021,19:45,7,11,1.0,2.0,A,1.0,0.0,H
330,B1,08/08/2021,12:30,3,2,2.0,5.0,A,0.0,2.0,A
331,B1,08/08/2021,15:00,8,12,1.0,1.0,D,0.0,1.0,A
332,B1,08/08/2021,17:30,17,19,3.0,0.0,H,0.0,0.0,D
333,B1,08/08/2021,20:00,9,13,1.0,0.0,H,0.0,0.0,D
334,B1,13/08/2021,19:45,12,2,1.0,1.0,D,0.0,1.0,A
335,B1,14/08/2021,15:15,20,7,2.0,0.0,H,1.0,0.0,H
336,B1,14/08/2021,17:30,16,4,2.0,1.0,H,1.0,0.0,H
337,B1,14/08/2021,17:30,19,9,2.0,3.0,A,1.0,0.0,H
338,B1,14/08/2021,19:45,11,8,4.0,0.0,H,1.0,0.0,H
339,B1,15/08/2021,12:30,15,3,0.0,1.0,A,0.0,0.0,D
340,B1,15/08/2021,15:00,13,6,2.0,0.0,H,1.0,0.0,H
341,B1,15/08/2021,17:30,14,17,1.0,2.0,A,1.0,2.0,A
342,B1,15/08/2021,20:00,5,1,0.0,4.0,A,0.0,1.0,A
343,B1,20/08/2021,19:45,3,9,1.0,0.0,H,0.0,0.0,D
344,B1,21/08/2021,15:15,19,14,2.0,1.0,H,0.0,1.0,A
345,B1,21/08/2021,17:30,8,16,1.0,4.0,A,0.0,2.0,A
346,B1,21/08/2021,19:45,4,7,0.0,2.0,A,0.0,1.0,A
347,B1,22/08/2021,15:00,5,12,2.0,2.0,D,1.0,1.0,D
348,B1,22/08/2021,17:30,1,15,3.0,2.0,H,2.0,1.0,H
349,B1,22/08/2021,20:00,6,20,3.0,1.0,H,1.0,1.0,D
350,B1,27/08/2021,19:45,7,6,2.0,2.0,D,0.0,2.0,A
351,B1,28/08/2021,15:15,12,15,5.0,2.0,H,1.0,0.0,H
352,B1,28/08/2021,17:30,14,4,0.0,1.0,A,0.0,1.0,A
353,B1,28/08/2021,17:30,16,19,1.0,2.0,A,0.0,0.0,D
354,B1,28/08/2021,19:45,20,3,4.0,0.0,H,2.0,0.0,H
355,B1,29/08/2021,12:30,13,1,6.0,1.0,H,3.0,0.0,H
356,B1,29/08/2021,15:00,2,8,2.0,2.0,D,2.0,0.0,H
357,B1,29/08/2021,17:30,11,17,1.0,0.0,H,0.0,0.0,D
358,B1,29/08/2021,20:00,9,5,0.0,2.0,A,0.0,1.0,A
359,B1,10/09/2021,19:45,1,9,3.0,0.0,H,1.0,0.0,H
360,B1,11/09/2021,15:15,16,2,0.0,1.0,A,0.0,0.0,D
361,B1,11/09/2021,17:30,5,14,2.0,4.0,A,1.0,0.0,H
362,B1,12/09/2021,12:30,17,6,7.0,2.0,H,1.0,1.0,D
363,B1,12/09/2021,15:00,13,12,2.0,3.0,A,1.0,2.0,A
364,B1,12/09/2021,17:30,19,3,0.0,1.0,A,0.0,1.0,A
365,B1,12/09/2021,20:00,11,20,1.0,1.0,D,0.0,0.0,D
366,B1,12/09/2021,20:00,8,7,2.0,1.0,H,0.0,0.0,D
367,B1,13/09/2021,19:00,15,4,0.0,1.0,A,0.0,1.0,A
368,B1,17/09/2021,19:45,14,16,1.0,2.0,A,1.0,1.0,D
369,B1,18/09/2021,15:15,9,15,3.0,1.0,H,2.0,0.0,H
370,B1,18/09/2021,17:30,6,8,2.0,0.0,H,2.0,0.0,H
371,B1,18/09/2021,17:30,20,5,2.0,1.0,H,0.0,0.0,D
372,B1,18/09/2021,19:45,12,1,0.0,1.0,A,0.0,0.0,D
373,B1,19/09/2021,12:30,4,11,1.0,2.0,A,1.0,0.0,H
374,B1,19/09/2021,15:00,2,19,2.0,1.0,H,0.0,0.0,D
375,B1,19/09/2021,17:30,3,17,0.0,1.0,A,0.0,1.0,A
376,B1,19/09/2021,20:00,7,13,1.0,0.0,H,1.0,0.0,H
377,B1,22/09/2021,19:45,2,11,4.0,2.0,H,3.0,1.0,H
378,B1,23/09/2021,19:45,17,13,1.0,1.0,D,0.0,1.0,A
379,B1,24/09/2021,19:45,1,8,1.0,1.0,D,0.0,1.0,A
380,B1,25/09/2021,15:15,15,16,0.0,3.0,A,0.0,1.0,A
381,B1,25/09/2021,17:30,5,7,2.0,2.0,D,0.0,0.0,D
382,B1,25/09/2021,19:45,3,4,1.0,2.0,A,1.0,0.0,H
383,B1,26/09/2021,12:30,20,2,1.0,2.0,A,1.0,0.0,H
384,B1,26/09/2021,15:00,13,14,2.0,1.0,H,0.0,1.0,A
385,B1,26/09/2021,17:30,9,17,2.0,2.0,D,2.0,0.0,H
386,B1,26/09/2021,20:00,12,6,0.0,2.0,A,0.0,1.0,A
387,B1,26/09/2021,20:00,11,19,3.0,0.0,H,2.0,0.0,H
388,B1,01/10/2021,19:45,6,3,3.0,1.0,H,3.0,0.0,H
389,B1,02/10/2021,15:15,7,12,2.0,2.0,D,1.0,0.0,H
390,B1,02/10/2021,17:30,14,20,0.0,3.0,A,0.0,0.0,D
391,B1,02/10/2021,17:30,4,9,1.0,1.0,D,0.0,0.0,D
392,B1,02/10/2021,19:45,8,15,0.0,0.0,D,0.0,0.0,D
393,B1,03/10/2021,12:30,17,1,1.0,1.0,D,0.0,1.0,A
394,B1,03/10/2021,15:00,19,5,5.0,1.0,H,2.0,0.0,H
395,B1,03/10/2021,17:30,2,13,1.0,0.0,H,0.0,0.0,D
396,B1,03/10/2021,20:00,16,11,3.0,2.0,H,1.0,1.0,D
397,B1,15/10/2021,19:45,1,7,2.0,0.0,H,2.0,0.0,H
398,B1,16/10/2021,15:15,20,19,4.0,2.0,H,0.0,2.0,A
399,B1,16/10/2021,17:30,9,14,2.0,1.0,H,0.0,0.0,D
400,B1,16/10/2021,17:30,5,2,2.0,1.0,H,0.0,1.0,A
401,B1,16/10/2021,19:45,3,8,2.0,2.0,D,1.0,0.0,H
402,B1,17/10/2021,12:30,4,17,2.0,2.0,D,0.0,0.0,D
403,B1,17/10/2021,15:00,15,6,0.0,1.0,A,0.0,1.0,A
404,B1,17/10/2021,17:30,12,11,2.0,0.0,H,0.0,0.0,D
405,B1,17/10/2021,20:00,13,16,2.0,0.0,H,1.0,0.0,H
406,B1,22/10/2021,19:45,19,12,1.0,3.0,A,0.0,2.0,A
407,B1,23/10/2021,15:15,14,3,1.0,1.0,D,1.0,1.0,D
408,B1,23/10/2021,17:30,7,9,1.0,0.0,H,1.0,0.0,H
409,B1,23/10/2021,17:30,6,5,2.0,2.0,D,2.0,2.0,D
410,B1,23/10/2021,19:45,16,20,2.0,3.0,A,0.0,2.0,A
411,B1,24/10/2021,12:30,2,1,1.0,1.0,D,1.0,1.0,D
412,B1,24/10/2021,15:00,17,15,4.0,2.0,H,1.0,0.0,H
413,B1,24/10/2021,17:30,11,13,0.0,3.0,A,0.0,1.0,A
414,B1,24/10/2021,20:00,8,4,4.0,1.0,H,0.0,0.0,D
415,B1,29/10/2021,19:45,9,6,2.0,4.0,A,0.0,2.0,A
416,B1,30/10/2021,15:15,12,16,3.0,0.0,H,0.0,0.0,D
417,B1,30/10/2021,17:30,15,19,3.0,0.0,H,1.0,0.0,H
418,B1,30/10/2021,17:30,3,7,1.0,1.0,D,0.0,0.0,D
419,B1,30/10/2021,19:45,4,1,1.0,2.0,A,1.0,1.0,D
420,B1,31/10/2021,12:30,5,11,2.0,6.0,A,0.0,2.0,A
421,B1,31/10/2021,15:00,14,2,0.0,1.0,A,0.0,0.0,D
422,B1,31/10/2021,17:30,17,8,2.0,2.0,D,1.0,2.0,A
423,B1,31/10/2021,20:00,13,20,0.0,2.0,A,0.0,2.0,A
424,B1,05/11/2021,19:45,8,9,1.0,0.0,H,0.0,0.0,D
425,B1,06/11/2021,15:15,16,5,1.0,1.0,D,1.0,1.0,D
426,B1,06/11/2021,17:30,7,15,1.0,1.0,D,0.0,0.0,D
427,B1,06/11/2021,17:30,6,4,0.0,1.0,A,0.0,1.0,A
428,B1,06/11/2021,19:45,20,12,4.0,0.0,H,3.0,0.0,H
429,B1,07/11/2021,12:30,1,3,2.0,2.0,D,2.0,1.0,H
430,B1,07/11/2021,15:00,19,13,0.0,0.0,D,0.0,0.0,D
431,B1,07/11/2021,17:30,2,17,2.0,0.0,H,0.0,0.0,D
432,B1,07/11/2021,20:00,11,14,1.0,1.0,D,0.0,1.0,A
433,B1,19/11/2021,19:45,6,1,2.0,1.0,H,0.0,0.0,D
434,B1,20/11/2021,15:15,14,12,1.0,2.0,A,0.0,2.0,A
435,B1,20/11/2021,17:30,8,19,1.0,3.0,A,0.0,1.0,A
436,B1,20/11/2021,17:30,5,13,1.0,2.0,A,0.0,0.0,D
437,B1,20/11/2021,19:45,3,16,1.0,0.0,H,1.0,0.0,H
438,B1,21/11/2021,12:30,17,7,1.0,1.0,D,0.0,1.0,A
439,B1,21/11/2021,15:00,4,2,2.0,1.0,H,2.0,0.0,H
440,B1,21/11/2021,17:30,9,20,1.0,7.0,A,1.0,4.0,A
441,B1,21/11/2021,20:00,15,11,2.0,0.0,H,1.0,0.0,H
442,B1,26/11/2021,19:45,20,8,1.0,3.0,A,0.0,2.0,A
443,B1,27/11/2021,15:15,19,4,2.0,0.0,H,1.0,0.0,H
444,B1,27/11/2021,17:30,14,6,3.0,1.0,H,1.0,1.0,D
445,B1,27/11/2021,17:30,16,7,2.0,2.0,D,2.0,1.0,H
446,B1,27/11/2021,19:45,12,17,1.0,3.0,A,0.0,1.0,A
447,B1,28/11/2021,12:30,11,1,2.0,3.0,A,0.0,1.0,A
448,B1,28/11/2021,15:00,5,15,2.0,0.0,H,2.0,0.0,H
449,B1,28/11/2021,17:30,13,3,3.0,1.0,H,1.0,0.0,H
450,B1,28/11/2021,20:00,2,9,3.0,0.0,H,0.0,0.0,D
451,B1,03/12/2021,19:45,4,20,1.0,2.0,A,0.0,1.0,A
452,B1,04/12/2021,15:15,8,13,0.0,1.0,A,0.0,1.0,A
453,B1,04/12/2021,17:30,7,14,0.0,2.0,A,0.0,1.0,A
454,B1,04/12/2021,17:30,9,16,2.0,1.0,H,0.0,1.0,A
455,B1,04/12/2021,19:45,1,19,3.0,2.0,H,3.0,2.0,H
456,B1,05/12/2021,12:30,15,2,0.0,1.0,A,0.0,0.0,D
457,B1,05/12/2021,15:00,17,5,3.0,2.0,H,1.0,1.0,D
458,B1,05/12/2021,17:30,3,12,0.0,3.0,A,0.0,2.0,A
459,B1,05/12/2021,20:00,6,11,1.0,1.0,D,0.0,1.0,A
460,B1,10/12/2021,19:45,12,9,1.0,0.0,H,0.0,0.0,D
461,B1,11/12/2021,15:15,7,8,2.0,1.0,H,0.0,0.0,D
462,B1,11/12/2021,17:30,16,15,1.0,0.0,H,1.0,0.0,H
463,B1,11/12/2021,17:30,4,14,1.0,2.0,A,0.0,0.0,D
464,B1,11/12/2021,19:45,19,17,0.0,5.0,A,0.0,3.0,A
465,B1,12/12/2021,12:30,2,3,2.0,3.0,A,0.0,0.0,D
466,B1,12/12/2021,15:00,20,6,2.0,0.0,H,1.0,0.0,H
467,B1,12/12/2021,17:30,13,11,1.0,0.0,H,1.0,0.0,H
468,B1,12/12/2021,20:00,1,5,3.0,0.0,H,1.0,0.0,H
469,B1,14/12/2021,17:45,14,19,2.0,0.0,H,2.0,0.0,H
470,B1,14/12/2021,20:00,17,4,2.0,0.0,H,0.0,0.0,D
471,B1,14/12/2021,20:00,9,7,0.0,2.0,A,0.0,1.0,A
472,B1,15/12/2021,17:45,6,13,4.0,3.0,H,1.0,1.0,D
473,B1,15/12/2021,17:45,5,20,0.0,2.0,A,0.0,2.0,A
474,B1,15/12/2021,20:00,8,1,1.0,4.0,A,0.0,1.0,A
475,B1,16/12/2021,17:45,2,16,4.0,2.0,H,2.0,1.0,H
476,B1,16/12/2021,20:00,11,12,4.0,2.0,H,2.0,2.0,D
477,B1,17/12/2021,19:45,19,7,0.0,2.0,A,0.0,0.0,D
478,B1,18/12/2021,15:15,15,9,0.0,2.0,A,0.0,2.0,A
479,B1,18/12/2021,17:30,20,14,3.0,2.0,H,0.0,2.0,A
480,B1,18/12/2021,17:30,5,6,3.0,2.0,H,0.0,1.0,A
481,B1,18/12/2021,19:45,13,4,2.0,1.0,H,1.0,0.0,H
482,B1,19/12/2021,12:30,1,17,2.0,2.0,D,1.0,0.0,H
483,B1,19/12/2021,15:00,16,12,0.0,4.0,A,0.0,3.0,A
484,B1,19/12/2021,17:30,11,2,1.0,1.0,D,1.0,0.0,H
485,B1,19/12/2021,20:00,8,3,2.0,1.0,H,2.0,0.0,H
486,B1,26/12/2021,12:30,14,1,2.0,0.0,H,0.0,0.0,D
487,B1,26/12/2021,15:00,3,5,0.0,1.0,A,0.0,0.0,D
488,B1,26/12/2021,17:30,20,13,0.0,0.0,D,0.0,0.0,D
489,B1,26/12/2021,20:00,9,11,0.0,4.0,A,0.0,3.0,A
490,B1,27/12/2021,17:45,12,8,0.0,3.0,A,0.0,1.0,A
491,B1,27/12/2021,17:45,6,19,2.0,0.0,H,0.0,0.0,D
492,B1,27/12/2021,20:00,15,17,0.0,7.0,A,0.0,3.0,A
493,B1,27/12/2021,20:00,4,16,2.0,0.0,H,1.0,0.0,H
494,B1,14/01/2022,19:45,13,7,2.0,2.0,D,1.0,1.0,D
495,B1,15/01/2022,15:15,8,6,5.0,0.0,H,,,
496,B1,15/01/2022,19:45,1,4,2.0,0.0,H,1.0,0.0,H
497,B1,16/01/2022,12:30,2,12,3.0,0.0,H,2.0,0.0,H
498,B1,16/01/2022,15:00,16,14,0.0,2.0,A,0.0,0.0,D
499,B1,16/01/2022,17:30,17,3,1.0,1.0,D,1.0,0.0,H
500,B1,16/01/2022,20:00,11,15,4.0,1.0,H,2.0,0.0,H
501,B1,18/01/2022,19:00,19,20,0.0,4.0,A,0.0,2.0,A
502,B1,21/01/2022,19:45,9,2,1.0,2.0,A,0.0,0.0,D
503,B1,22/01/2022,15:15,7,16,1.0,1.0,D,0.0,1.0,A
504,B1,22/01/2022,17:30,15,8,3.0,1.0,H,2.0,1.0,H
505,B1,22/01/2022,17:30,4,19,3.0,1.0,H,1.0,1.0,D
506,B1,22/01/2022,19:45,12,13,0.0,0.0,D,0.0,0.0,D
507,B1,23/01/2022,12:30,3,1,2.0,2.0,D,1.0,1.0,D
508,B1,23/01/2022,15:00,20,11,2.0,1.0,H,1.0,0.0,H
509,B1,23/01/2022,17:30,6,17,0.0,1.0,A,0.0,1.0,A
510,B1,23/01/2022,20:00,14,5,3.0,1.0,H,2.0,0.0,H
511,B1,25/01/2022,17:45,2,4,1.0,1.0,D,1.0,0.0,H
512,B1,25/01/2022,20:00,12,7,1.0,1.0,D,1.0,1.0,D
513,B1,25/01/2022,20:00,13,9,1.0,1.0,D,0.0,1.0,A
514,B1,26/01/2022,17:45,16,3,0.0,2.0,A,0.0,1.0,A
515,B1,26/01/2022,17:45,5,8,1.0,1.0,D,1.0,1.0,D
516,B1,26/01/2022,20:00,17,14,0.0,2.0,A,0.0,0.0,D
517,B1,26/01/2022,20:00,19,15,2.0,1.0,H,1.0,0.0,H
518,B1,27/01/2022,19:45,1,20,0.0,0.0,D,0.0,0.0,D
519,B1,28/01/2022,19:45,4,12,0.0,1.0,A,0.0,1.0,A
520,B1,29/01/2022,15:15,15,5,3.0,3.0,D,1.0,3.0,A
521,B1,29/01/2022,17:30,19,16,0.0,0.0,D,0.0,0.0,D
522,B1,29/01/2022,19:45,14,9,0.0,1.0,A,0.0,0.0,D
523,B1,30/01/2022,12:30,20,17,1.0,0.0,H,1.0,0.0,H
524,B1,30/01/2022,15:00,13,2,0.0,1.0,A,0.0,1.0,A
525,B1,30/01/2022,17:30,3,6,1.0,2.0,A,1.0,0.0,H
526,B1,30/01/2022,20:00,7,1,0.0,1.0,A,0.0,0.0,D
527,B1,02/02/2022,17:45,7,2,0.0,2.0,A,0.0,1.0,A
528,B1,04/02/2022,19:45,12,19,2.0,0.0,H,1.0,0.0,H
529,B1,05/02/2022,15:15,7,4,1.0,3.0,A,0.0,2.0,A
530,B1,05/02/2022,17:30,9,8,1.0,3.0,A,0.0,1.0,A
531,B1,05/02/2022,17:30,3,14,1.0,1.0,D,0.0,1.0,A
532,B1,05/02/2022,19:45,2,20,0.0,2.0,A,0.0,0.0,D
533,B1,06/02/2022,12:30,1,13,1.0,2.0,A,0.0,1.0,A
534,B1,06/02/2022,15:00,6,15,3.0,2.0,H,3.0,0.0,H
535,B1,06/02/2022,17:30,17,16,4.0,1.0,H,3.0,1.0,H
536,B1,06/02/2022,20:00,11,5,2.0,0.0,H,1.0,0.0,H
537,B1,09/02/2022,17:45,5,9,0.0,0.0,D,0.0,0.0,D
538,B1,09/02/2022,20:00,8,11,2.0,1.0,H,1.0,1.0,D
539,B1,11/02/2022,19:45,19,2,0.0,1.0,A,0.0,0.0,D
540,B1,12/02/2022,15:15,16,13,0.0,1.0,A,0.0,1.0,A
541,B1,12/02/2022,17:30,6,9,3.0,0.0,H,1.0,0.0,H
542,B1,12/02/2022,17:30,8,14,3.0,2.0,H,1.0,2.0,A
543,B1,12/02/2022,19:45,5,17,1.0,2.0,A,0.0,2.0,A
544,B1,13/02/2022,12:30,11,3,2.0,0.0,H,1.0,0.0,H
545,B1,13/02/2022,15:00,20,4,0.0,1.0,A,0.0,0.0,D
546,B1,13/02/2022,17:30,1,12,2.0,0.0,H,1.0,0.0,H
547,B1,13/02/2022,20:00,15,7,2.0,1.0,H,2.0,1.0,H
548,B1,16/02/2022,17:45,11,6,4.0,1.0,H,1.0,0.0,H
549,B1,19/02/2022,15:15,14,15,2.0,0.0,H,2.0,0.0,H
550,B1,19/02/2022,17:30,7,5,5.0,0.0,H,2.0,0.0,H
551,B1,19/02/2022,17:30,9,3,1.0,0.0,H,1.0,0.0,H
552,B1,19/02/2022,19:45,12,20,0.0,3.0,A,0.0,2.0,A
553,B1,20/02/2022,12:30,2,6,1.0,2.0,A,0.0,2.0,A
554,B1,20/02/2022,15:00,16,1,1.0,3.0,A,0.0,1.0,A
555,B1,20/02/2022,17:30,17,11,2.0,0.0,H,2.0,0.0,H
556,B1,20/02/2022,20:00,4,8,2.0,0.0,H,1.0,0.0,H
557,B1,23/02/2022,17:45,13,19,4.0,0.0,H,3.0,0.0,H
558,B1,25/02/2022,19:45,15,12,2.0,3.0,A,1.0,1.0,D
559,B1,26/02/2022,15:15,20,16,0.0,0.0,D,0.0,0.0,D
560,B1,26/02/2022,17:30,6,14,2.0,2.0,D,2.0,2.0,D
561,B1,26/02/2022,17:30,9,4,0.0,0.0,D,0.0,0.0,D
562,B1,26/02/2022,19:45,8,17,0.0,0.0,D,0.0,0.0,D
563,B1,27/02/2022,12:30,1,2,4.0,1.0,H,2.0,1.0,H
564,B1,27/02/2022,15:00,11,7,2.0,0.0,H,2.0,0.0,H
565,B1,27/02/2022,17:30,3,13,0.0,1.0,A,0.0,0.0,D
566,B1,27/02/2022,20:00,5,19,1.0,0.0,H,1.0,0.0,H
567,B1,02/03/2022,17:45,3,15,1.0,0.0,H,1.0,0.0,H
568,B1,04/03/2022,19:45,4,6,1.0,1.0,D,0.0,1.0,A
569,B1,05/03/2022,15:15,14,11,2.0,2.0,D,1.0,0.0,H
570,B1,05/03/2022,17:30,7,20,2.0,3.0,A,1.0,1.0,D
571,B1,05/03/2022,19:45,19,1,0.0,5.0,A,0.0,3.0,A
572,B1,06/03/2022,12:30,2,15,2.0,1.0,H,0.0,1.0,A
573,B1,06/03/2022,15:00,17,9,3.0,0.0,H,0.0,0.0,D
574,B1,06/03/2022,17:30,12,3,0.0,0.0,D,0.0,0.0,D
575,B1,06/03/2022,20:00,16,8,3.0,1.0,H,1.0,1.0,D
576,B1,06/03/2022,20:00,13,5,2.0,1.0,H,1.0,0.0,H
577,B1,11/03/2022,19:45,8,20,1.0,4.0,A,1.0,1.0,D
578,B1,12/03/2022,15:15,6,12,2.0,2.0,D,2.0,0.0,H
579,B1,12/03/2022,17:30,14,7,2.0,0.0,H,0.0,0.0,D
580,B1,12/03/2022,17:30,5,16,3.0,0.0,H,1.0,0.0,H
581,B1,12/03/2022,19:45,9,1,1.0,3.0,A,1.0,2.0,A
582,B1,13/03/2022,12:30,17,2,2.0,1.0,H,1.0,1.0,D
583,B1,13/03/2022,15:00,11,4,0.0,1.0,A,0.0,1.0,A
584,B1,13/03/2022,17:30,15,13,0.0,2.0,A,0.0,1.0,A
585,B1,13/03/2022,20:00,3,19,0.0,1.0,A,0.0,0.0,D
586,B1,18/03/2022,19:45,20,9,1.0,1.0,D,0.0,1.0,A
587,B1,19/03/2022,15:15,16,6,1.0,1.0,D,1.0,1.0,D
588,B1,19/03/2022,17:30,12,14,5.0,0.0,H,4.0,0.0,H
589,B1,19/03/2022,17:30,19,8,1.0,1.0,D,0.0,0.0,D
590,B1,19/03/2022,19:45,2,5,1.0,0.0,H,0.0,0.0,D
591,B1,20/03/2022,12:30,1,11,3.0,1.0,H,1.0,1.0,D
592,B1,20/03/2022,15:00,7,3,0.0,1.0,A,0.0,0.0,D
593,B1,20/03/2022,17:30,13,17,1.0,0.0,H,0.0,0.0,D
594,B1,20/03/2022,20:00,4,15,3.0,2.0,H,2.0,1.0,H
595,B1,01/04/2022,19:45,15,1,1.0,3.0,A,0.0,1.0,A
596,B1,02/04/2022,15:15,5,4,0.0,2.0,A,0.0,0.0,D
597,B1,02/04/2022,17:30,6,7,3.0,2.0,H,1.0,1.0,D
598,B1,02/04/2022,17:30,9,19,2.0,2.0,D,1.0,1.0,D
599,B1,02/04/2022,19:45,8,2,0.0,1.0,A,0.0,1.0,A
600,B1,03/04/2022,12:30,3,20,1.0,3.0,A,1.0,1.0,D
601,B1,03/04/2022,15:00,14,13,2.0,2.0,D,1.0,2.0,A
602,B1,03/04/2022,17:30,17,12,4.0,0.0,H,1.0,0.0,H
603,B1,03/04/2022,20:00,11,16,5.0,0.0,H,2.0,0.0,H
604,B1,09/04/2022,17:30,16,9,0.0,2.0,A,0.0,1.0,A
605,B1,09/04/2022,19:45,2,14,1.0,1.0,D,0.0,0.0,D
606,B1,10/04/2022,17:30,12,5,3.0,0.0,H,3.0,0.0,H
607,B1,10/04/2022,17:30,1,6,2.0,0.0,H,1.0,0.0,H
608,B1,10/04/2022,17:30,13,8,5.0,0.0,H,1.0,0.0,H
609,B1,10/04/2022,17:30,7,17,2.0,3.0,A,1.0,1.0,D
610,B1,10/04/2022,17:30,19,11,0.0,2.0,A,0.0,1.0,A
611,B1,10/04/2022,17:30,20,15,5.0,0.0,H,,,
612,B1,10/04/2022,17:30,4,3,3.0,0.0,H,2.0,0.0,H
613,B1,22/07/2022,19:45,3,13,2.0,2.0,D,1.0,0.0,H
614,B1,23/07/2022,15:00,12,16,3.0,1.0,H,1.0,0.0,H
615,B1,23/07/2022,17:15,7,8,0.0,2.0,A,0.0,0.0,D
616,B1,23/07/2022,17:15,5,19,2.0,0.0,H,0.0,0.0,D
617,B1,23/07/2022,19:45,4,20,1.0,1.0,D,1.0,0.0,H
618,B1,24/07/2022,12:30,1,11,3.0,2.0,H,1.0,1.0,D
619,B1,24/07/2022,15:00,6,2,0.0,2.0,A,0.0,2.0,A
620,B1,24/07/2022,17:30,17,9,2.0,0.0,H,1.0,0.0,H
621,B1,24/07/2022,20:00,21,14,2.0,0.0,H,1.0,0.0,H
622,B1,29/07/2022,19:45,20,12,1.0,0.0,H,0.0,0.0,D
623,B1,30/07/2022,15:00,14,17,1.0,0.0,H,0.0,0.0,D
624,B1,30/07/2022,17:15,9,6,2.0,1.0,H,2.0,0.0,H
625,B1,30/07/2022,17:15,8,21,2.0,0.0,H,1.0,0.0,H
626,B1,30/07/2022,19:45,13,4,1.0,1.0,D,1.0,0.0,H
627,B1,31/07/2022,12:30,11,3,3.0,1.0,H,3.0,1.0,H
628,B1,31/07/2022,15:00,16,1,2.0,1.0,H,2.0,1.0,H
629,B1,31/07/2022,17:30,19,7,0.0,1.0,A,0.0,0.0,D
630,B1,31/07/2022,20:00,2,5,1.0,0.0,H,0.0,0.0,D
631,B1,05/08/2022,19:45,1,5,1.0,1.0,D,0.0,0.0,D
632,B1,06/08/2022,15:00,11,16,4.0,2.0,H,3.0,1.0,H
633,B1,06/08/2022,17:15,12,9,1.0,3.0,A,0.0,1.0,A
634,B1,06/08/2022,17:15,7,4,0.0,0.0,D,0.0,0.0,D
635,B1,06/08/2022,19:45,6,20,3.0,0.0,H,1.0,0.0,H
636,B1,07/08/2022,12:30,3,14,2.0,0.0,H,2.0,0.0,H
637,B1,07/08/2022,15:00,13,21,2.0,1.0,H,2.0,1.0,H
638,B1,07/08/2022,17:30,17,19,3.0,1.0,H,3.0,0.0,H
639,B1,07/08/2022,20:00,2,8,4.0,2.0,H,2.0,1.0,H
640,B1,12/08/2022,19:45,9,13,1.0,3.0,A,1.0,2.0,A
641,B1,13/08/2022,15:00,21,3,4.0,2.0,H,1.0,0.0,H
642,B1,13/08/2022,17:15,14,6,0.0,0.0,D,0.0,0.0,D
643,B1,13/08/2022,17:15,19,12,0.0,1.0,A,0.0,0.0,D
644,B1,13/08/2022,19:45,20,7,2.0,1.0,H,1.0,0.0,H
645,B1,14/08/2022,12:30,4,17,0.0,3.0,A,0.0,2.0,A
646,B1,14/08/2022,15:00,16,2,0.0,1.0,A,0.0,0.0,D
647,B1,14/08/2022,17:30,8,1,0.0,3.0,A,0.0,2.0,A
648,B1,14/08/2022,20:00,5,11,1.0,4.0,A,1.0,3.0,A
649,B1,19/08/2022,19:45,16,19,1.0,3.0,A,0.0,3.0,A
650,B1,20/08/2022,15:00,9,4,0.0,1.0,A,0.0,1.0,A
651,B1,20/08/2022,17:15,11,14,2.0,1.0,H,1.0,0.0,H
652,B1,21/08/2022,12:30,1,7,2.0,1.0,H,2.0,1.0,H
653,B1,21/08/2022,15:00,5,12,1.0,3.0,A,1.0,1.0,D
654,B1,21/08/2022,17:30,3,8,1.0,3.0,A,0.0,2.0,A
655,B1,21/08/2022,20:00,6,21,5.0,4.0,H,1.0,1.0,D
656,B1,26/08/2022,19:45,12,1,1.0,3.0,A,1.0,2.0,A
657,B1,27/08/2022,15:00,19,11,0.0,4.0,A,0.0,1.0,A
658,B1,27/08/2022,17:15,14,5,1.0,1.0,D,1.0,1.0,D
659,B1,27/08/2022,17:15,8,9,2.0,1.0,H,0.0,1.0,A
660,B1,27/08/2022,19:45,4,6,3.0,1.0,H,0.0,0.0,D
661,B1,28/08/2022,12:30,13,2,1.0,2.0,A,1.0,2.0,A
662,B1,28/08/2022,15:00,7,3,0.0,1.0,A,0.0,0.0,D
663,B1,28/08/2022,17:30,20,17,2.0,1.0,H,2.0,1.0,H
664,B1,28/08/2022,20:00,21,16,0.0,1.0,A,0.0,0.0,D
665,B1,31/08/2022,19:30,2,20,4.0,2.0,H,4.0,1.0,H
666,B1,01/09/2022,19:30,17,13,0.0,1.0,A,0.0,0.0,D
667,B1,02/09/2022,19:45,1,14,4.0,0.0,H,1.0,0.0,H
668,B1,03/09/2022,15:00,11,4,0.0,0.0,D,0.0,0.0,D
669,B1,03/09/2022,17:15,16,7,0.0,1.0,A,0.0,0.0,D
670,B1,03/09/2022,17:15,6,19,2.0,3.0,A,2.0,1.0,H
671,B1,03/09/2022,19:45,3,9,1.0,0.0,H,0.0,0.0,D
672,B1,04/09/2022,12:30,17,8,2.0,2.0,D,0.0,1.0,A
673,B1,04/09/2022,15:00,2,21,3.0,0.0,H,1.0,0.0,H
674,B1,04/09/2022,17:30,12,13,2.0,1.0,H,1.0,1.0,D
675,B1,04/09/2022,20:00,5,20,1.0,3.0,A,0.0,1.0,A
676,B1,09/09/2022,19:45,4,3,1.0,2.0,A,0.0,2.0,A
677,B1,10/09/2022,15:00,7,6,1.0,4.0,A,0.0,2.0,A
678,B1,10/09/2022,17:15,9,16,1.0,0.0,H,0.0,0.0,D
679,B1,10/09/2022,17:15,19,1,0.0,2.0,A,0.0,0.0,D
680,B1,10/09/2022,19:45,8,12,3.0,2.0,H,1.0,1.0,D
681,B1,11/09/2022,12:30,21,17,2.0,1.0,H,1.0,0.0,H
682,B1,11/09/2022,15:00,14,2,0.0,2.0,A,0.0,1.0,A
683,B1,11/09/2022,17:30,20,11,1.0,2.0,A,0.0,1.0,A
684,B1,11/09/2022,20:00,13,5,2.0,0.0,H,0.0,0.0,D
685,B1,16/09/2022,19:45,2,19,2.0,1.0,H,2.0,1.0,H
686,B1,17/09/2022,15:00,6,8,0.0,0.0,D,0.0,0.0,D
687,B1,17/09/2022,17:15,14,9,2.0,2.0,D,2.0,0.0,H
688,B1,17/09/2022,17:15,5,4,0.0,3.0,A,0.0,1.0,A
689,B1,17/09/2022,19:45,12,21,2.0,3.0,A,1.0,2.0,A
690,B1,18/09/2022,12:30,11,13,1.0,0.0,H,0.0,0.0,D
691,B1,18/09/2022,15:00,16,20,1.0,2.0,A,1.0,1.0,D
692,B1,18/09/2022,17:30,3,1,3.0,0.0,H,1.0,0.0,H
693,B1,18/09/2022,20:00,17,7,4.0,1.0,H,1.0,0.0,H
694,B1,30/09/2022,19:45,3,19,0.0,2.0,A,0.0,1.0,A
695,B1,01/10/2022,15:00,8,20,0.0,3.0,A,0.0,2.0,A
696,B1,01/10/2022,17:15,9,11,1.0,2.0,A,1.0,1.0,D
697,B1,01/10/2022,17:15,21,5,2.0,0.0,H,1.0,0.0,H
698,B1,01/10/2022,19:45,1,6,3.0,0.0,H,1.0,0.0,H
699,B1,02/10/2022,12:30,17,12,0.0,1.0,A,0.0,0.0,D
700,B1,02/10/2022,15:00,13,14,3.0,4.0,A,0.0,1.0,A
701,B1,02/10/2022,17:30,7,2,2.0,1.0,H,2.0,0.0,H
702,B1,02/10/2022,20:00,4,16,0.0,1.0,A,0.0,0.0,D
703,B1,07/10/2022,19:45,2,4,2.0,0.0,H,1.0,0.0,H
704,B1,08/10/2022,15:00,11,7,2.0,1.0,H,1.0,0.0,H
705,B1,08/10/2022,17:15,19,9,1.0,1.0,D,0.0,0.0,D
706,B1,08/10/2022,17:15,5,8,2.0,5.0,A,1.0,0.0,H
707,B1,08/10/2022,19:45,1,21,0.0,2.0,A,0.0,0.0,D
708,B1,09/10/2022,12:30,6,17,1.0,3.0,A,1.0,0.0,H
709,B1,09/10/2022,15:00,16,13,0.0,4.0,A,0.0,2.0,A
710,B1,09/10/2022,17:30,12,3,0.0,1.0,A,0.0,1.0,A
711,B1,09/10/2022,20:00,20,14,2.0,1.0,H,1.0,0.0,H
712,B1,14/10/2022,19:45,21,19,2.0,2.0,D,2.0,1.0,H
713,B1,15/10/2022,15:00,7,5,1.0,3.0,A,1.0,0.0,H
714,B1,15/10/2022,17:15,14,16,5.0,1.0,H,3.0,1.0,H
715,B1,15/10/2022,17:15,4,12,2.0,1.0,H,1.0,0.0,H
716,B1,15/10/2022,19:45,8,11,0.0,1.0,A,0.0,1.0,A
717,B1,16/10/2022,12:30,3,2,3.0,0.0,H,3.0,0.0,H
718,B1,16/10/2022,15:00,13,6,3.0,0.0,H,1.0,0.0,H
719,B1,16/10/2022,17:30,17,1,0.0,1.0,A,0.0,0.0,D
720,B1,16/10/2022,20:00,9,20,1.0,6.0,A,0.0,2.0,A
721,B1,18/10/2022,17:30,12,7,2.0,2.0,D,2.0,0.0,H
722,B1,18/10/2022,17:30,16,8,4.0,2.0,H,2.0,2.0,D
723,B1,18/10/2022,19:45,11,21,6.0,1.0,H,5.0,1.0,H
724,B1,18/10/2022,19:45,19,14,0.0,1.0,A,0.0,1.0,A
725,B1,19/10/2022,17:30,20,13,2.0,0.0,H,1.0,0.0,H
726,B1,19/10/2022,19:45,1,4,3.0,0.0,H,1.0,0.0,H
727,B1,19/10/2022,19:45,6,3,2.0,0.0,H,0.0,0.0,D
728,B1,20/10/2022,17:30,2,9,3.0,0.0,H,1.0,0.0,H
729,B1,20/10/2022,19:45,5,17,3.0,2.0,H,1.0,1.0,D
730,B1,21/10/2022,19:45,14,12,4.0,1.0,H,1.0,0.0,H
731,B1,22/10/2022,15:00,7,21,0.0,2.0,A,0.0,0.0,D
732,B1,22/10/2022,17:15,6,16,2.0,1.0,H,1.0,1.0,D
733,B1,22/10/2022,17:15,4,8,0.0,0.0,D,0.0,0.0,D
734,B1,22/10/2022,19:45,20,1,2.0,2.0,D,1.0,2.0,A
735,B1,23/10/2022,12:30,2,11,1.0,3.0,A,1.0,2.0,A
736,B1,23/10/2022,15:00,13,19,2.0,1.0,H,1.0,1.0,D
737,B1,23/10/2022,17:30,3,17,5.0,0.0,H,,,
738,B1,23/10/2022,20:00,9,5,2.0,1.0,H,1.0,0.0,H
739,B1,28/10/2022,19:45,11,6,3.0,1.0,H,1.0,1.0,D
740,B1,29/10/2022,15:00,5,3,0.0,3.0,A,0.0,0.0,D
741,B1,29/10/2022,17:15,7,14,1.0,1.0,D,0.0,1.0,A
742,B1,29/10/2022,17:15,21,4,2.0,3.0,A,0.0,2.0,A
743,B1,29/10/2022,19:45,1,9,4.0,2.0,H,2.0,0.0,H
744,B1,30/10/2022,12:30,17,16,4.0,2.0,H,2.0,1.0,H
745,B1,30/10/2022,15:00,19,20,1.0,2.0,A,0.0,0.0,D
746,B1,30/10/2022,17:30,8,13,1.0,1.0,D,0.0,1.0,A
747,B1,30/10/2022,20:00,12,2,1.0,0.0,H,1.0,0.0,H
748,B1,04/11/2022,19:45,11,12,4.0,1.0,H,2.0,0.0,H
749,B1,05/11/2022,15:00,6,5,2.0,2.0,D,2.0,0.0,H
750,B1,05/11/2022,17:15,14,8,2.0,1.0,H,1.0,1.0,D
751,B1,05/11/2022,17:15,19,4,1.0,2.0,A,1.0,0.0,H
752,B1,05/11/2022,19:45,16,3,2.0,0.0,H,0.0,0.0,D
753,B1,06/11/2022,12:30,13,1,2.0,0.0,H,2.0,0.0,H
754,B1,06/11/2022,15:00,20,21,1.0,1.0,D,0.0,1.0,A
755,B1,06/11/2022,17:30,2,17,0.0,0.0,D,0.0,0.0,D
756,B1,06/11/2022,20:00,9,7,3.0,1.0,H,1.0,1.0,D
757,B1,11/11/2022,19:45,8,19,5.0,0.0,H,4.0,0.0,H
758,B1,12/11/2022,15:00,21,9,6.0,0.0,H,3.0,0.0,H
759,B1,12/11/2022,17:15,4,14,0.0,1.0,A,0.0,0.0,D
760,B1,12/11/2022,17:15,5,16,5.0,5.0,D,2.0,3.0,A
761,B1,12/11/2022,19:45,12,6,0.0,5.0,A,,,
762,B1,13/11/2022,12:30,1,2,2.0,2.0,D,1.0,0.0,H
763,B1,13/11/2022,15:00,3,20,2.0,3.0,A,0.0,1.0,A
764,B1,13/11/2022,17:30,17,11,0.0,2.0,A,0.0,1.0,A
765,B1,13/11/2022,20:00,7,13,0.0,4.0,A,0.0,2.0,A
766,B1,23/12/2022,17:30,19,16,0.0,1.0,A,0.0,0.0,D
767,B1,23/12/2022,19:30,13,3,0.0,0.0,D,0.0,0.0,D
768,B1,23/12/2022,19:30,6,14,1.0,1.0,D,0.0,1.0,A
769,B1,26/12/2022,12:30,1,8,1.0,1.0,D,1.0,0.0,H
770,B1,26/12/2022,15:00,20,9,3.0,0.0,H,0.0,0.0,D
771,B1,26/12/2022,17:15,7,11,1.0,0.0,H,0.0,0.0,D
772,B1,26/12/2022,19:45,12,17,0.0,1.0,A,0.0,0.0,D
773,B1,27/12/2022,19:00,4,5,2.0,0.0,H,1.0,0.0,H
774,B1,27/12/2022,19:00,21,2,3.0,3.0,D,1.0,0.0,H
775,B1,06/01/2023,19:45,3,4,1.0,1.0,D,0.0,0.0,D
776,B1,07/01/2023,15:00,16,12,1.0,2.0,A,1.0,0.0,H
777,B1,07/01/2023,17:15,14,21,0.0,1.0,A,0.0,1.0,A
778,B1,07/01/2023,17:15,9,19,1.0,2.0,A,1.0,1.0,D
779,B1,07/01/2023,19:45,2,13,2.0,0.0,H,1.0,0.0,H
780,B1,08/01/2023,12:30,11,1,3.0,1.0,H,1.0,1.0,D
781,B1,08/01/2023,15:00,5,6,2.0,0.0,H,1.0,0.0,H
782,B1,08/01/2023,17:30,17,20,1.0,3.0,A,0.0,0.0,D
783,B1,08/01/2023,20:00,8,7,2.0,3.0,A,1.0,1.0,D
784,B1,13/01/2023,19:45,21,8,1.0,2.0,A,0.0,0.0,D
785,B1,14/01/2023,15:00,19,3,1.0,1.0,D,1.0,1.0,D
786,B1,14/01/2023,17:15,16,4,0.0,2.0,A,0.0,1.0,A
787,B1,14/01/2023,17:15,6,9,2.0,1.0,H,1.0,0.0,H
788,B1,14/01/2023,19:45,11,5,1.0,0.0,H,1.0,0.0,H
789,B1,15/01/2023,12:30,1,17,1.0,1.0,D,0.0,0.0,D
790,B1,15/01/2023,15:00,13,7,2.0,1.0,H,1.0,0.0,H
791,B1,15/01/2023,17:30,20,2,2.0,0.0,H,1.0,0.0,H
792,B1,15/01/2023,20:00,12,14,2.0,1.0,H,1.0,1.0,D
793,B1,17/01/2023,17:30,8,16,1.0,1.0,D,1.0,0.0,H
794,B1,17/01/2023,19:45,3,6,2.0,0.0,H,1.0,0.0,H
795,B1,17/01/2023,19:45,21,11,2.0,3.0,A,0.0,2.0,A
796,B1,18/01/2023,17:30,14,20,1.0,1.0,D,0.0,0.0,D
797,B1,18/01/2023,17:30,9,2,0.0,3.0,A,0.0,2.0,A
798,B1,18/01/2023,19:45,17,5,2.0,3.0,A,2.0,1.0,H
799,B1,18/01/2023,19:45,7,19,3.0,2.0,H,2.0,1.0,H
800,B1,19/01/2023,17:30,13,12,0.0,0.0,D,0.0,0.0,D
801,B1,19/01/2023,19:45,4,1,1.0,1.0,D,0.0,1.0,A
802,B1,21/01/2023,15:00,5,21,1.0,1.0,D,0.0,1.0,A
803,B1,21/01/2023,17:15,6,7,3.0,2.0,H,2.0,1.0,H
804,B1,21/01/2023,17:15,9,14,1.0,2.0,A,0.0,1.0,A
805,B1,21/01/2023,19:45,20,8,1.0,0.0,H,0.0,0.0,D
806,B1,22/01/2023,12:30,2,3,4.0,1.0,H,3.0,1.0,H
807,B1,22/01/2023,15:00,19,17,0.0,1.0,A,0.0,0.0,D
808,B1,22/01/2023,17:30,1,12,2.0,2.0,D,1.0,2.0,A
809,B1,22/01/2023,20:00,4,13,0.0,3.0,A,0.0,2.0,A
810,B1,27/01/2023,19:45,3,16,3.0,1.0,H,2.0,1.0,H
811,B1,28/01/2023,15:00,21,6,2.0,0.0,H,1.0,0.0,H
812,B1,28/01/2023,17:15,7,9,2.0,2.0,D,1.0,1.0,D
813,B1,28/01/2023,17:15,8,4,1.0,1.0,D,0.0,1.0,A
814,B1,28/01/2023,19:45,12,20,0.0,1.0,A,0.0,1.0,A
815,B1,29/01/2023,12:30,17,2,0.0,0.0,D,0.0,0.0,D
816,B1,29/01/2023,15:00,14,13,3.0,2.0,H,0.0,0.0,D
817,B1,29/01/2023,17:30,5,1,1.0,2.0,A,1.0,2.0,A
818,B1,29/01/2023,20:00,11,19,4.0,0.0,H,2.0,0.0,H
819,B1,01/02/2023,17:45,16,11,1.0,1.0,D,1.0,1.0,D
820,B1,03/02/2023,19:45,9,17,0.0,2.0,A,0.0,1.0,A
821,B1,04/02/2023,15:00,14,3,1.0,1.0,D,0.0,0.0,D
822,B1,04/02/2023,17:15,16,21,1.0,1.0,D,0.0,1.0,A
823,B1,04/02/2023,17:15,19,8,2.0,1.0,H,1.0,1.0,D
824,B1,04/02/2023,19:45,4,7,1.0,0.0,H,1.0,0.0,H
825,B1,05/02/2023,12:30,2,1,0.0,0.0,D,0.0,0.0,D
826,B1,05/02/2023,15:00,6,12,2.0,2.0,D,2.0,0.0,H
827,B1,05/02/2023,17:30,13,11,2.0,3.0,A,1.0,1.0,D
828,B1,05/02/2023,18:15,20,5,4.0,0.0,H,1.0,0.0,H
829,B1,10/02/2023,19:00,8,14,0.0,0.0,D,0.0,0.0,D
830,B1,10/02/2023,19:45,1,20,1.0,1.0,D,1.0,1.0,D
831,B1,10/02/2023,19:45,16,6,2.0,1.0,H,0.0,1.0,A
832,B1,11/02/2023,15:00,21,13,3.0,3.0,D,2.0,2.0,D
833,B1,11/02/2023,17:15,12,19,3.0,0.0,H,1.0,0.0,H
834,B1,12/02/2023,12:30,11,2,0.0,1.0,A,0.0,0.0,D
835,B1,12/02/2023,15:00,17,4,3.0,1.0,H,0.0,0.0,D
836,B1,12/02/2023,17:30,3,7,0.0,2.0,A,0.0,0.0,D
837,B1,12/02/2023,18:15,5,9,1.0,1.0,D,1.0,0.0,H
838,B1,17/02/2023,19:45,6,11,2.0,2.0,D,1.0,1.0,D
839,B1,18/02/2023,15:00,2,16,2.0,0.0,H,2.0,0.0,H
840,B1,18/02/2023,17:15,9,12,0.0,0.0,D,0.0,0.0,D
841,B1,18/02/2023,17:15,19,5,1.0,1.0,D,0.0,1.0,A
842,B1,18/02/2023,19:45,20,3,2.0,4.0,A,1.0,2.0,A
843,B1,19/02/2023,12:30,14,1,2.0,2.0,D,0.0,1.0,A
844,B1,19/02/2023,15:00,13,8,2.0,0.0,H,0.0,0.0,D
845,B1,19/02/2023,17:30,7,17,2.0,2.0,D,0.0,1.0,A
846,B1,19/02/2023,18:15,4,21,0.0,1.0,A,0.0,1.0,A
847,B1,24/02/2023,19:45,5,7,3.0,3.0,D,1.0,2.0,A
848,B1,25/02/2023,15:00,19,6,0.0,2.0,A,0.0,1.0,A
849,B1,25/02/2023,17:15,16,14,2.0,2.0,D,2.0,2.0,D
850,B1,25/02/2023,17:15,11,9,3.0,0.0,H,2.0,0.0,H
851,B1,25/02/2023,19:45,21,20,4.0,2.0,H,2.0,1.0,H
852,B1,26/02/2023,12:30,1,13,2.0,0.0,H,0.0,0.0,D
853,B1,26/02/2023,15:00,8,2,1.0,1.0,D,1.0,0.0,H
854,B1,26/02/2023,17:30,17,3,2.0,2.0,D,2.0,1.0,H
855,B1,26/02/2023,18:15,12,4,1.0,0.0,H,0.0,0.0,D
856,B1,03/03/2023,19:45,9,1,3.0,0.0,H,1.0,0.0,H
857,B1,04/03/2023,15:00,7,12,0.0,1.0,A,0.0,0.0,D
858,B1,04/03/2023,17:15,14,19,3.0,1.0,H,2.0,1.0,H
859,B1,04/03/2023,17:15,8,5,4.0,2.0,H,3.0,0.0,H
860,B1,04/03/2023,19:45,3,21,2.0,0.0,H,1.0,0.0,H
861,B1,05/03/2023,12:30,4,11,2.0,2.0,D,1.0,1.0,D
862,B1,05/03/2023,15:00,2,6,5.0,0.0,H,3.0,0.0,H
863,B1,05/03/2023,17:30,13,17,1.0,0.0,H,0.0,0.0,D
864,B1,05/03/2023,18:15,20,16,2.0,1.0,H,1.0,0.0,H
865,B1,10/03/2023,19:45,12,8,0.0,1.0,A,0.0,1.0,A
866,B1,11/03/2023,15:00,6,4,1.0,0.0,H,0.0,0.0,D
867,B1,11/03/2023,17:15,16,9,4.0,4.0,D,1.0,1.0,D
868,B1,11/03/2023,17:15,21,7,3.0,1.0,H,1.0,0.0,H
869,B1,11/03/2023,19:45,19,2,0.0,2.0,A,0.0,2.0,A
870,B1,12/03/2023,12:30,1,3,2.0,0.0,H,0.0,0.0,D
871,B1,12/03/2023,15:00,5,13,2.0,6.0,A,0.0,2.0,A
872,B1,12/03/2023,17:30,11,20,1.0,2.0,A,1.0,2.0,A
873,B1,12/03/2023,18:15,17,14,2.0,0.0,H,1.0,0.0,H
874,B1,17/03/2023,19:45,14,11,1.0,1.0,D,1.0,0.0,H
875,B1,18/03/2023,15:00,7,1,1.0,0.0,H,1.0,0.0,H
876,B1,18/03/2023,17:15,9,21,1.0,2.0,A,0.0,1.0,A
877,B1,18/03/2023,17:15,4,19,2.0,1.0,H,1.0,0.0,H
878,B1,18/03/2023,19:45,3,5,2.0,2.0,D,2.0,0.0,H
879,B1,19/03/2023,12:30,2,12,0.0,1.0,A,0.0,1.0,A
880,B1,19/03/2023,15:00,8,17,0.0,2.0,A,0.0,1.0,A
881,B1,19/03/2023,17:30,20,6,2.0,1.0,H,1.0,1.0,D
882,B1,19/03/2023,18:15,13,16,3.0,0.0,H,1.0,0.0,H
883,B1,31/03/2023,19:45,5,2,0.0,2.0,A,0.0,0.0,D
884,B1,01/04/2023,15:00,14,7,2.0,0.0,H,2.0,0.0,H
885,B1,01/04/2023,17:15,19,13,0.0,5.0,A,0.0,1.0,A
886,B1,01/04/2023,17:15,21,12,2.0,3.0,A,1.0,2.0,A
887,B1,01/04/2023,19:45,9,3,1.0,3.0,A,1.0,3.0,A
888,B1,02/04/2023,12:30,11,8,2.0,1.0,H,1.0,0.0,H
889,B1,02/04/2023,15:00,16,17,0.0,1.0,A,0.0,0.0,D
890,B1,02/04/2023,17:30,6,1,0.0,3.0,A,0.0,2.0,A
891,B1,02/04/2023,18:15,20,4,2.0,1.0,H,0.0,0.0,D
892,B1,07/04/2023,19:45,1,19,2.0,0.0,H,0.0,0.0,D
893,B1,08/04/2023,15:00,7,16,0.0,0.0,D,0.0,0.0,D
894,B1,08/04/2023,15:00,8,6,4.0,1.0,H,2.0,0.0,H
895,B1,08/04/2023,17:15,12,5,3.0,2.0,H,0.0,1.0,A
896,B1,08/04/2023,19:45,13,20,1.0,1.0,D,0.0,1.0,A
897,B1,09/04/2023,12:30,17,21,0.0,0.0,D,0.0,0.0,D
898,B1,09/04/2023,15:00,2,14,2.0,1.0,H,0.0,1.0,A
899,B1,09/04/2023,17:30,3,11,2.0,0.0,H,2.0,0.0,H
900,B1,09/04/2023,18:15,4,9,5.0,0.0,H,2.0,0.0,H
901,B1,14/04/2023,19:45,3,12,3.0,1.0,H,1.0,0.0,H
902,B1,15/04/2023,15:00,16,5,1.0,5.0,A,0.0,4.0,A
903,B1,15/04/2023,17:15,14,4,3.0,1.0,H,2.0,0.0,H
904,B1,15/04/2023,17:15,9,8,0.0,4.0,A,0.0,2.0,A
905,B1,15/04/2023,19:45,21,1,0.0,0.0,D,0.0,0.0,D
906,B1,16/04/2023,12:30,11,17,5.0,2.0,H,2.0,1.0,H
907,B1,16/04/2023,15:00,6,13,1.0,1.0,D,1.0,1.0,D
908,B1,16/04/2023,17:30,2,7,1.0,0.0,H,0.0,0.0,D
909,B1,16/04/2023,18:15,20,19,2.0,1.0,H,2.0,0.0,H
910,B1,22/04/2023,17:15,19,21,1.0,1.0,D,1.0,1.0,D
911,B1,23/04/2023,12:30,4,2,0.0,1.0,A,0.0,0.0,D
912,B1,23/04/2023,17:30,17,6,2.0,3.0,A,1.0,2.0,A
913,B1,23/04/2023,17:30,12,11,2.0,2.0,D,1.0,2.0,A
914,B1,23/04/2023,17:30,1,16,7.0,0.0,H,4.0,0.0,H
915,B1,23/04/2023,17:30,13,9,1.0,2.0,A,0.0,0.0,D
916,B1,23/04/2023,17:30,7,20,2.0,4.0,A,2.0,1.0,H
917,B1,23/04/2023,17:30,8,3,3.0,2.0,H,1.0,0.0,H
918,B1,23/04/2023,17:30,5,14,2.0,3.0,A,0.0,2.0,A
919,B1,28/07/2023,19:45,20,17,2.0,0.0,H,1.0,0.0,H
920,B1,29/07/2023,15:00,16,21,2.0,2.0,D,1.0,0.0,H
921,B1,29/07/2023,17:15,12,8,1.0,1.0,D,1.0,0.0,H
922,B1,29/07/2023,19:45,22,11,0.0,4.0,A,0.0,3.0,A
923,B1,30/07/2023,12:30,2,14,1.0,0.0,H,1.0,0.0,H
924,B1,30/07/2023,15:00,13,7,3.0,2.0,H,2.0,1.0,H
925,B1,30/07/2023,17:30,1,6,1.0,1.0,D,0.0,1.0,A
926,B1,30/07/2023,18:15,4,3,1.0,0.0,H,0.0,0.0,D
927,B1,04/08/2023,19:45,3,20,0.0,1.0,A,0.0,1.0,A
928,B1,05/08/2023,15:00,11,16,0.0,1.0,A,0.0,1.0,A
929,B1,05/08/2023,17:15,14,12,2.0,0.0,H,2.0,0.0,H
930,B1,05/08/2023,19:45,8,22,1.0,2.0,A,1.0,1.0,D
931,B1,06/08/2023,12:30,17,2,1.0,0.0,H,1.0,0.0,H
932,B1,06/08/2023,15:00,6,13,0.0,1.0,A,0.0,0.0,D
933,B1,06/08/2023,17:30,21,1,0.0,1.0,A,0.0,1.0,A
934,B1,06/08/2023,18:15,7,4,0.0,1.0,A,0.0,0.0,D
935,B1,11/08/2023,19:45,2,7,6.0,0.0,H,4.0,0.0,H
936,B1,12/08/2023,15:00,22,6,1.0,0.0,H,0.0,0.0,D
937,B1,12/08/2023,17:15,20,8,5.0,1.0,H,2.0,1.0,H
938,B1,13/08/2023,12:30,4,17,0.0,1.0,A,0.0,0.0,D
939,B1,13/08/2023,15:00,14,11,0.0,1.0,A,0.0,0.0,D
940,B1,13/08/2023,15:00,16,1,0.0,5.0,A,0.0,3.0,A
941,B1,13/08/2023,17:30,12,3,1.0,1.0,D,0.0,1.0,A
942,B1,13/08/2023,18:15,21,13,1.0,3.0,A,1.0,1.0,D
943,B1,18/08/2023,19:45,8,2,1.0,1.0,D,0.0,1.0,A
944,B1,19/08/2023,15:00,3,14,0.0,1.0,A,0.0,0.0,D
945,B1,19/08/2023,19:45,6,20,4.0,0.0,H,1.0,0.0,H
946,B1,20/08/2023,12:30,17,21,2.0,1.0,H,1.0,0.0,H
947,B1,20/08/2023,15:00,11,12,0.0,0.0,D,0.0,0.0,D
948,B1,20/08/2023,15:00,13,4,2.0,2.0,D,1.0,2.0,A
949,B1,20/08/2023,17:30,1,22,7.0,1.0,H,2.0,1.0,H
950,B1,20/08/2023,18:15,7,16,1.0,3.0,A,0.0,0.0,D
951,B1,26/08/2023,15:00,21,6,2.0,3.0,A,2.0,0.0,H
952,B1,26/08/2023,17:15,16,8,3.0,1.0,H,1.0,0.0,H
953,B1,26/08/2023,19:45,7,3,1.0,1.0,D,1.0,0.0,H
954,B1,27/08/2023,15:00,4,14,0.0,2.0,A,0.0,0.0,D
955,B1,27/08/2023,17:30,17,12,2.0,1.0,H,1.0,0.0,H
956,B1,01/09/2023,19:45,8,7,3.0,0.0,H,1.0,0.0,H
957,B1,02/09/2023,15:00,14,21,2.0,1.0,H,1.0,0.0,H
958,B1,02/09/2023,17:15,6,16,1.0,0.0,H,0.0,0.0,D
959,B1,02/09/2023,19:45,3,22,1.0,1.0,D,1.0,1.0,D
960,B1,03/09/2023,12:30,13,1,2.0,1.0,H,1.0,1.0,D
961,B1,03/09/2023,15:00,20,2,2.0,2.0,D,1.0,2.0,A
962,B1,03/09/2023,17:30,11,17,1.0,1.0,D,0.0,0.0,D
963,B1,03/09/2023,18:15,12,4,1.0,1.0,D,0.0,0.0,D
964,B1,15/09/2023,19:45,21,2,0.0,3.0,A,0.0,1.0,A
965,B1,16/09/2023,15:00,22,14,2.0,1.0,H,1.0,1.0,D
966,B1,16/09/2023,17:15,20,11,0.0,2.0,A,0.0,1.0,A
967,B1,16/09/2023,19:45,1,12,4.0,2.0,H,2.0,2.0,D
968,B1,17/09/2023,12:30,16,3,1.0,3.0,A,0.0,2.0,A
969,B1,17/09/2023,15:00,7,17,2.0,2.0,D,1.0,1.0,D
970,B1,17/09/2023,17:30,8,13,1.0,1.0,D,1.0,1.0,D
971,B1,17/09/2023,18:15,4,6,2.0,0.0,H,1.0,0.0,H
972,B1,22/09/2023,19:45,3,21,0.0,0.0,D,0.0,0.0,D
973,B1,23/09/2023,15:00,12,7,1.0,0.0,H,1.0,0.0,H
974,B1,23/09/2023,17:15,6,8,1.0,2.0,A,0.0,2.0,A
975,B1,23/09/2023,19:45,2,22,0.0,0.0,D,0.0,0.0,D
976,B1,24/09/2023,12:30,11,4,3.0,3.0,D,0.0,3.0,A
977,B1,24/09/2023,15:00,14,20,0.0,2.0,A,0.0,1.0,A
978,B1,24/09/2023,17:30,17,1,1.0,1.0,D,1.0,0.0,H
979,B1,24/09/2023,18:15,13,16,2.0,1.0,H,0.0,1.0,A
980,B1,27/09/2023,19:45,2,13,0.0,0.0,D,0.0,0.0,D
981,B1,28/09/2023,17:30,22,20,2.0,3.0,A,2.0,2.0,D
982,B1,28/09/2023,19:45,1,11,1.0,1.0,D,0.0,1.0,A
983,B1,29/09/2023,19:45,7,14,2.0,1.0,H,0.0,0.0,D
984,B1,30/09/2023,15:00,16,17,1.0,3.0,A,1.0,1.0,D
985,B1,30/09/2023,17:15,8,3,1.0,2.0,A,0.0,1.0,A
986,B1,30/09/2023,19:45,6,2,0.0,0.0,D,0.0,0.0,D
987,B1,01/10/2023,12:30,20,12,3.0,1.0,H,3.0,1.0,H
988,B1,01/10/2023,15:00,11,21,3.0,3.0,D,2.0,1.0,H
989,B1,01/10/2023,17:30,1,4,1.0,1.0,D,0.0,0.0,D
990,B1,01/10/2023,18:15,22,13,1.0,1.0,D,1.0,1.0,D
991,B1,06/10/2023,19:45,12,22,2.0,1.0,H,0.0,0.0,D
992,B1,07/10/2023,15:00,14,8,3.0,2.0,H,2.0,2.0,D
993,B1,07/10/2023,17:15,21,7,1.0,0.0,H,1.0,0.0,H
994,B1,07/10/2023,19:45,17,6,3.0,1.0,H,1.0,0.0,H
995,B1,08/10/2023,12:30,3,1,2.0,1.0,H,1.0,0.0,H
996,B1,08/10/2023,15:00,2,16,4.0,1.0,H,2.0,1.0,H
997,B1,08/10/2023,17:30,13,11,1.0,1.0,D,0.0,0.0,D
998,B1,08/10/2023,18:15,4,20,0.0,4.0,A,0.0,2.0,A
999,B1,20/10/2023,19:45,20,16,4.0,1.0,H,2.0,0.0,H
1000,B1,21/10/2023,15:00,7,1,1.0,0.0,H,1.0,0.0,H
1001,B1,21/10/2023,17:15,22,21,1.0,1.0,D,0.0,0.0,D
1002,B1,21/10/2023,19:45,12,2,3.0,2.0,H,0.0,0.0,D
1003,B1,22/10/2023,12:30,11,6,4.0,0.0,H,2.0,0.0,H
1004,B1,22/10/2023,15:00,14,13,2.0,0.0,H,0.0,0.0,D
1005,B1,22/10/2023,17:30,3,17,3.0,2.0,H,0.0,2.0,A
1006,B1,22/10/2023,18:15,8,4,4.0,0.0,H,2.0,0.0,H
1007,B1,27/10/2023,19:45,4,22,2.0,1.0,H,0.0,0.0,D
1008,B1,28/10/2023,15:00,6,14,0.0,2.0,A,0.0,0.0,D
1009,B1,28/10/2023,17:15,16,12,2.0,0.0,H,1.0,0.0,H
1010,B1,28/10/2023,19:45,17,8,5.0,1.0,H,2.0,1.0,H
1011,B1,29/10/2023,12:30,1,2,2.0,1.0,H,1.0,0.0,H
1012,B1,29/10/2023,15:00,21,20,1.0,3.0,A,1.0,1.0,D
1013,B1,29/10/2023,17:30,13,3,3.0,1.0,H,3.0,0.0,H
1014,B1,29/10/2023,18:15,7,11,0.0,3.0,A,0.0,0.0,D
1015,B1,03/11/2023,19:45,4,16,1.0,1.0,D,1.0,0.0,H
1016,B1,04/11/2023,15:00,22,7,1.0,1.0,D,1.0,1.0,D
1017,B1,04/11/2023,17:15,8,21,0.0,2.0,A,0.0,0.0,D
1018,B1,04/11/2023,19:45,2,11,3.0,2.0,H,3.0,1.0,H
1019,B1,05/11/2023,12:30,14,17,0.0,3.0,A,0.0,2.0,A
1020,B1,05/11/2023,15:00,3,6,1.0,1.0,D,1.0,0.0,H
1021,B1,05/11/2023,17:30,20,1,2.0,1.0,H,1.0,0.0,H
1022,B1,05/11/2023,18:15,12,13,1.0,3.0,A,0.0,1.0,A
1023,B1,10/11/2023,19:45,21,4,3.0,3.0,D,2.0,1.0,H
1024,B1,11/11/2023,15:00,2,3,6.0,0.0,H,4.0,0.0,H
1025,B1,11/11/2023,17:15,16,22,1.0,3.0,A,1.0,1.0,D
1026,B1,11/11/2023,19:45,6,12,1.0,0.0,H,0.0,0.0,D
1027,B1,12/11/2023,12:30,1,14,0.0,0.0,D,0.0,0.0,D
1028,B1,12/11/2023,15:00,11,8,3.0,1.0,H,1.0,0.0,H
1029,B1,12/11/2023,17:30,13,17,1.0,1.0,D,1.0,1.0,D
1030,B1,12/11/2023,18:15,20,7,3.0,0.0,H,2.0,0.0,H
1031,B1,24/11/2023,19:45,4,2,1.0,1.0,D,1.0,0.0,H
1032,B1,25/11/2023,15:00,14,16,2.0,0.0,H,0.0,0.0,D
1033,B1,25/11/2023,17:15,12,21,3.0,2.0,H,0.0,1.0,A
1034,B1,25/11/2023,19:45,3,11,1.0,0.0,H,0.0,0.0,D
1035,B1,26/11/2023,12:30,13,20,1.0,1.0,D,1.0,0.0,H
1036,B1,26/11/2023,15:00,8,1,0.0,1.0,A,0.0,1.0,A
1037,B1,26/11/2023,17:30,17,22,2.0,1.0,H,0.0,1.0,A
1038,B1,26/11/2023,18:15,7,6,0.0,3.0,A,0.0,2.0,A
1039,B1,01/12/2023,19:45,21,17,1.0,3.0,A,0.0,1.0,A
1040,B1,02/12/2023,15:00,22,12,0.0,0.0,D,0.0,0.0,D
1041,B1,02/12/2023,17:15,16,7,1.0,1.0,D,0.0,0.0,D
1042,B1,02/12/2023,19:45,2,8,1.0,0.0,H,1.0,0.0,H
1043,B1,03/12/2023,12:30,11,13,2.0,2.0,D,1.0,1.0,D
1044,B1,03/12/2023,15:00,6,4,0.0,2.0,A,0.0,2.0,A
1045,B1,03/12/2023,17:30,1,3,2.0,0.0,H,1.0,0.0,H
1046,B1,03/12/2023,18:15,20,14,2.0,1.0,H,2.0,1.0,H
1047,B1,08/12/2023,19:45,7,21,1.0,2.0,A,0.0,1.0,A
1048,B1,09/12/2023,15:00,14,2,1.0,3.0,A,0.0,1.0,A
1049,B1,09/12/2023,17:15,4,8,1.0,1.0,D,1.0,1.0,D
1050,B1,09/12/2023,19:45,13,22,4.0,0.0,H,2.0,0.0,H
1051,B1,10/12/2023,12:30,6,1,0.0,0.0,D,0.0,0.0,D
1052,B1,10/12/2023,15:00,16,11,1.0,3.0,A,0.0,1.0,A
1053,B1,10/12/2023,17:30,17,3,2.0,2.0,D,1.0,1.0,D
1054,B1,10/12/2023,18:15,12,20,1.0,3.0,A,0.0,1.0,A
1055,B1,15/12/2023,19:45,21,16,2.0,0.0,H,0.0,0.0,D
1056,B1,16/12/2023,15:00,8,14,1.0,2.0,A,1.0,0.0,H
1057,B1,16/12/2023,17:15,22,4,3.0,0.0,H,1.0,0.0,H
1058,B1,16/12/2023,19:45,3,12,0.0,0.0,D,0.0,0.0,D
1059,B1,17/12/2023,12:30,1,13,2.0,0.0,H,2.0,0.0,H
1060,B1,17/12/2023,15:00,20,6,1.0,0.0,H,0.0,0.0,D
1061,B1,17/12/2023,17:30,2,17,1.0,1.0,D,0.0,1.0,A
1062,B1,17/12/2023,18:15,11,7,4.0,0.0,H,1.0,0.0,H
1063,B1,20/12/2023,17:30,14,7,3.0,0.0,H,1.0,0.0,H
1064,B1,20/12/2023,19:45,6,3,3.0,0.0,H,1.0,0.0,H
1065,B1,21/12/2023,19:45,13,8,4.0,0.0,H,1.0,0.0,H
1066,B1,22/12/2023,19:45,22,1,1.0,6.0,A,0.0,3.0,A
1067,B1,23/12/2023,15:00,16,20,1.0,2.0,A,0.0,2.0,A
1068,B1,23/12/2023,17:15,2,21,2.0,2.0,D,1.0,0.0,H
1069,B1,23/12/2023,17:15,4,12,1.0,0.0,H,0.0,0.0,D
1070,B1,23/12/2023,19:45,17,11,2.0,1.0,H,0.0,0.0,D
1071,B1,26/12/2023,12:30,11,2,3.0,0.0,H,1.0,0.0,H
1072,B1,26/12/2023,15:00,7,13,0.0,2.0,A,0.0,1.0,A
1073,B1,26/12/2023,15:00,8,16,3.0,0.0,H,2.0,0.0,H
1074,B1,26/12/2023,17:30,21,22,3.0,0.0,H,1.0,0.0,H
1075,B1,26/12/2023,19:45,1,20,1.0,1.0,D,0.0,1.0,A
1076,B1,27/12/2023,17:30,3,4,1.0,1.0,D,0.0,0.0,D
1077,B1,27/12/2023,19:45,17,14,2.0,0.0,H,1.0,0.0,H
1078,B1,27/12/2023,19:45,12,6,3.0,1.0,H,2.0,0.0,H
1079,B1,19/01/2024,19:45,13,6,1.0,2.0,A,0.0,1.0,A
1080,B1,20/01/2024,15:00,11,14,1.0,1.0,D,0.0,1.0,A
1081,B1,20/01/2024,17:15,3,7,0.0,1.0,A,0.0,1.0,A
1082,B1,20/01/2024,19:45,1,21,3.0,0.0,H,1.0,0.0,H
1083,B1,21/01/2024,12:30,2,12,4.0,1.0,H,2.0,0.0,H
1084,B1,21/01/2024,15:00,20,4,2.0,1.0,H,1.0,1.0,D
1085,B1,21/01/2024,17:30,8,17,1.0,1.0,D,1.0,0.0,H
1086,B1,24/01/2024,14:00,22,16,0.0,1.0,A,0.0,0.0,D
1087,B1,26/01/2024,19:45,14,3,1.0,1.0,D,0.0,0.0,D
1088,B1,27/01/2024,15:00,7,8,0.0,0.0,D,0.0,0.0,D
1089,B1,27/01/2024,19:45,12,1,1.0,4.0,A,0.0,3.0,A
1090,B1,27/01/2024,19:45,13,21,2.0,2.0,D,1.0,1.0,D
1091,B1,28/01/2024,12:30,4,11,1.0,1.0,D,0.0,1.0,A
1092,B1,28/01/2024,15:00,16,2,1.0,0.0,H,1.0,0.0,H
1093,B1,28/01/2024,17:30,17,20,2.0,2.0,D,1.0,2.0,A
1094,B1,28/01/2024,18:15,6,22,3.0,1.0,H,0.0,0.0,D
1095,B1,30/01/2024,19:30,1,7,3.0,3.0,D,1.0,0.0,H
1096,B1,30/01/2024,19:30,21,14,4.0,2.0,H,4.0,1.0,H
1097,B1,31/01/2024,17:45,12,16,1.0,0.0,H,0.0,0.0,D
1098,B1,31/01/2024,17:45,8,11,2.0,1.0,H,0.0,0.0,D
1099,B1,31/01/2024,20:00,20,22,3.0,2.0,H,2.0,0.0,H
1100,B1,31/01/2024,20:00,3,2,0.0,1.0,A,0.0,0.0,D
1101,B1,01/02/2024,19:30,6,17,2.0,2.0,D,0.0,1.0,A
1102,B1,01/02/2024,19:30,4,13,4.0,1.0,H,0.0,1.0,A
1103,B1,03/02/2024,15:00,22,3,2.0,2.0,D,1.0,1.0,D
1104,B1,03/02/2024,17:15,7,12,1.0,0.0,H,1.0,0.0,H
1105,B1,03/02/2024,17:15,21,8,0.0,3.0,A,0.0,2.0,A
1106,B1,03/02/2024,19:45,11,20,0.0,1.0,A,0.0,0.0,D
1107,B1,04/02/2024,12:30,2,1,2.0,1.0,H,0.0,0.0,D
1108,B1,04/02/2024,15:00,16,6,0.0,1.0,A,0.0,0.0,D
1109,B1,04/02/2024,17:30,17,13,1.0,0.0,H,1.0,0.0,H
1110,B1,04/02/2024,18:15,14,4,4.0,1.0,H,2.0,0.0,H
1111,B1,09/02/2024,19:45,4,7,1.0,0.0,H,1.0,0.0,H
1112,B1,10/02/2024,15:00,3,8,1.0,0.0,H,1.0,0.0,H
1113,B1,10/02/2024,17:15,20,21,2.0,2.0,D,1.0,1.0,D
1114,B1,10/02/2024,19:45,1,16,4.0,0.0,H,2.0,0.0,H
1115,B1,11/02/2024,12:30,22,2,0.0,4.0,A,0.0,3.0,A
1116,B1,11/02/2024,15:00,6,11,1.0,1.0,D,1.0,1.0,D
1117,B1,11/02/2024,17:30,12,17,1.0,3.0,A,1.0,2.0,A
1118,B1,11/02/2024,18:15,13,14,1.0,2.0,A,0.0,1.0,A
1119,B1,16/02/2024,19:45,21,3,2.0,1.0,H,1.0,1.0,D
1120,B1,17/02/2024,15:00,11,22,3.0,1.0,H,2.0,1.0,H
1121,B1,17/02/2024,17:15,8,12,0.0,0.0,D,0.0,0.0,D
1122,B1,17/02/2024,19:45,2,6,0.0,1.0,A,0.0,0.0,D
1123,B1,18/02/2024,12:30,14,1,1.0,1.0,D,0.0,0.0,D
1124,B1,18/02/2024,15:00,7,20,1.0,3.0,A,0.0,2.0,A
1125,B1,18/02/2024,17:30,17,4,4.0,1.0,H,0.0,1.0,A
1126,B1,18/02/2024,18:15,16,13,0.0,2.0,A,0.0,1.0,A
1127,B1,23/02/2024,19:45,12,11,0.0,1.0,A,0.0,0.0,D
1128,B1,24/02/2024,15:00,22,8,1.0,1.0,D,1.0,1.0,D
1129,B1,24/02/2024,17:15,4,21,1.0,0.0,H,1.0,0.0,H
1130,B1,24/02/2024,19:45,6,7,3.0,0.0,H,1.0,0.0,H
1131,B1,25/02/2024,12:30,1,17,1.0,2.0,A,1.0,0.0,H
1132,B1,25/02/2024,15:00,13,2,2.0,2.0,D,2.0,1.0,H
1133,B1,25/02/2024,17:30,20,3,2.0,1.0,H,2.0,0.0,H
1134,B1,25/02/2024,18:15,16,14,0.0,2.0,A,0.0,0.0,D
1135,B1,01/03/2024,19:45,21,12,0.0,1.0,A,0.0,0.0,D
1136,B1,02/03/2024,15:00,14,6,2.0,3.0,A,2.0,2.0,D
1137,B1,02/03/2024,17:15,8,20,0.0,2.0,A,0.0,1.0,A
1138,B1,02/03/2024,19:45,3,13,4.0,2.0,H,1.0,1.0,D
1139,B1,03/03/2024,12:30,11,1,0.0,3.0,A,0.0,1.0,A
1140,B1,03/03/2024,15:00,2,4,3.0,0.0,H,0.0,0.0,D
1141,B1,03/03/2024,17:30,17,16,1.0,0.0,H,1.0,0.0,H
1142,B1,03/03/2024,18:15,7,22,3.0,2.0,H,1.0,1.0,D
1143,B1,08/03/2024,19:45,6,21,3.0,1.0,H,2.0,0.0,H
1144,B1,09/03/2024,15:00,7,2,0.0,1.0,A,0.0,1.0,A
1145,B1,09/03/2024,17:15,12,14,0.0,0.0,D,0.0,0.0,D
1146,B1,09/03/2024,19:45,22,17,0.0,3.0,A,0.0,3.0,A
1147,B1,10/03/2024,12:30,11,3,1.0,0.0,H,0.0,0.0,D
1148,B1,10/03/2024,15:00,1,8,3.0,1.0,H,1.0,1.0,D
1149,B1,10/03/2024,17:30,20,13,1.0,1.0,D,0.0,0.0,D
1150,B1,10/03/2024,18:15,16,4,1.0,0.0,H,1.0,0.0,H
1151,B1,16/03/2024,17:15,3,16,4.0,0.0,H,2.0,0.0,H
1152,B1,16/03/2024,19:45,17,7,0.0,1.0,A,0.0,0.0,D
1153,B1,17/03/2024,12:30,4,1,2.0,1.0,H,0.0,1.0,A
1154,B1,17/03/2024,15:00,2,20,1.0,1.0,D,0.0,0.0,D
1155,B1,17/03/2024,17:30,14,22,4.0,0.0,H,2.0,0.0,H
1156,B1,17/03/2024,17:30,13,12,5.0,0.0,H,2.0,0.0,H
1157,B1,17/03/2024,17:30,8,6,1.0,0.0,H,0.0,0.0,D
1158,B1,17/03/2024,17:30,21,11,1.0,1.0,D,0.0,0.0,D
1159,B1,29/03/2024,19:45,13,3,5.0,1.0,H,1.0,1.0,D
1160,B1,30/03/2024,17:15,8,6,2.0,3.0,A,0.0,1.0,A
1161,B1,30/03/2024,19:45,17,2,1.0,0.0,H,0.0,0.0,D
1162,B1,31/03/2024,17:30,4,21,2.0,0.0,H,1.0,0.0,H
1163,B1,01/04/2024,12:30,14,1,1.0,1.0,D,1.0,0.0,H
1164,B1,01/04/2024,17:30,11,20,1.0,0.0,H,1.0,0.0,H
1165,B1,05/04/2024,19:45,6,4,2.0,3.0,A,1.0,0.0,H
1166,B1,06/04/2024,15:00,12,22,0.0,0.0,D,0.0,0.0,D
1167,B1,06/04/2024,17:15,3,8,0.0,0.0,D,0.0,0.0,D
1168,B1,06/04/2024,19:45,2,11,0.0,1.0,A,0.0,1.0,A
1169,B1,07/04/2024,12:30,20,14,2.0,3.0,A,1.0,2.0,A
1170,B1,07/04/2024,15:00,16,7,1.0,1.0,D,0.0,0.0,D
1171,B1,07/04/2024,17:30,1,17,3.0,1.0,H,1.0,0.0,H
1172,B1,07/04/2024,18:15,21,13,0.0,3.0,A,0.0,2.0,A
1173,B1,12/04/2024,19:45,4,3,3.0,3.0,D,1.0,1.0,D
1174,B1,13/04/2024,15:00,22,16,3.0,1.0,H,1.0,1.0,D
1175,B1,13/04/2024,17:15,6,21,3.0,2.0,H,0.0,2.0,A
1176,B1,13/04/2024,19:45,11,14,1.0,1.0,D,1.0,0.0,H
1177,B1,14/04/2024,12:30,1,2,3.0,0.0,H,1.0,0.0,H
1178,B1,14/04/2024,15:00,7,12,1.0,2.0,A,1.0,0.0,H
1179,B1,14/04/2024,17:30,17,20,2.0,1.0,H,1.0,0.0,H
1180,B1,14/04/2024,18:15,8,13,2.0,1.0,H,2.0,1.0,H
1181,B1,20/04/2024,15:00,8,4,1.0,0.0,H,0.0,0.0,D
1182,B1,20/04/2024,17:15,21,3,3.0,3.0,D,1.0,1.0,D
1183,B1,20/04/2024,19:00,13,6,3.0,1.0,H,1.0,0.0,H
1184,B1,20/04/2024,19:45,11,17,2.0,1.0,H,1.0,0.0,H
1185,B1,21/04/2024,12:30,14,2,0.0,1.0,A,0.0,0.0,D
1186,B1,21/04/2024,15:00,7,22,2.0,4.0,A,1.0,3.0,A
1187,B1,21/04/2024,17:30,20,1,1.0,2.0,A,0.0,0.0,D
1188,B1,21/04/2024,18:15,12,16,1.0,0.0,H,1.0,0.0,H
1189,B1,23/04/2024,19:30,4,13,0.0,2.0,A,0.0,1.0,A
1190,B1,23/04/2024,19:30,3,6,0.0,0.0,D,0.0,0.0,D
1191,B1,23/04/2024,19:30,21,8,1.0,1.0,D,1.0,0.0,H
1192,B1,24/04/2024,19:30,17,14,3.0,0.0,H,2.0,0.0,H
1193,B1,24/04/2024,19:30,1,11,4.0,0.0,H,1.0,0.0,H
1194,B1,25/04/2024,19:30,2,20,0.0,3.0,A,0.0,0.0,D
1195,B1,26/04/2024,19:45,16,12,1.0,2.0,A,0.0,2.0,A
1196,B1,27/04/2024,15:00,6,8,3.0,0.0,H,0.0,0.0,D
1197,B1,27/04/2024,17:15,3,4,1.0,1.0,D,0.0,1.0,A
1198,B1,27/04/2024,19:45,13,21,3.0,2.0,H,2.0,2.0,D
1199,B1,28/04/2024,12:30,11,1,0.0,3.0,A,0.0,1.0,A
1200,B1,28/04/2024,15:00,14,17,1.0,1.0,D,0.0,1.0,A
1201,B1,28/04/2024,17:30,20,2,4.0,1.0,H,2.0,1.0,H
1202,B1,28/04/2024,18:15,22,7,0.0,1.0,A,0.0,1.0,A
1203,B1,03/05/2024,19:45,21,4,2.0,2.0,D,1.0,1.0,D
1204,B1,04/05/2024,15:00,22,12,1.0,3.0,A,0.0,3.0,A
1205,B1,04/05/2024,17:15,6,13,2.0,4.0,A,2.0,3.0,A
1206,B1,04/05/2024,19:45,14,11,4.0,1.0,H,3.0,1.0,H
1207,B1,05/05/2024,12:30,2,1,1.0,2.0,A,0.0,0.0,D
1208,B1,05/05/2024,15:00,8,3,3.0,1.0,H,0.0,1.0,A
1209,B1,05/05/2024,17:30,20,17,0.0,0.0,D,0.0,0.0,D
1210,B1,05/05/2024,18:15,7,16,1.0,0.0,H,1.0,0.0,H
1211,B1,11/05/2024,17:15,12,7,3.0,1.0,H,2.0,0.0,H
1212,B1,11/05/2024,17:15,16,22,2.0,0.0,H,0.0,0.0,D
1213,B1,11/05/2024,19:45,17,11,2.0,1.0,H,1.0,0.0,H
1214,B1,12/05/2024,12:30,13,8,0.0,1.0,A,0.0,1.0,A
1215,B1,12/05/2024,15:00,4,6,2.0,1.0,H,2.0,1.0,H
1216,B1,12/05/2024,17:30,2,14,1.0,2.0,A,0.0,2.0,A
1217,B1,13/05/2024,19:30,1,20,2.0,2.0,D,0.0,0.0,D
1218,B1,17/05/2024,19:45,4,8,1.0,1.0,D,0.0,0.0,D
1219,B1,18/05/2024,17:15,21,6,0.0,2.0,A,0.0,1.0,A
1220,B1,18/05/2024,19:45,3,13,1.0,4.0,A,1.0,1.0,D
1221,B1,19/05/2024,12:30,14,20,1.0,2.0,A,1.0,1.0,D
1222,B1,19/05/2024,17:30,17,1,0.0,1.0,A,0.0,1.0,A
1223,B1,20/05/2024,17:30,11,2,1.0,0.0,H,1.0,0.0,H
1224,B1,25/05/2024,19:30,13,4,2.0,0.0,H,0.0,0.0,D
1225,B1,25/05/2024,19:30,6,3,3.0,2.0,H,2.0,0.0,H
1226,B1,25/05/2024,19:30,8,21,1.0,2.0,A,0.0,2.0,A
1227,B1,26/05/2024,17:30,2,17,3.0,1.0,H,0.0,1.0,A
1228,B1,26/05/2024,17:30,1,14,0.0,0.0,D,0.0,0.0,D
1229,B1,26/05/2024,17:30,20,11,2.0,0.0,H,1.0,0.0,H
1230,B1,02/06/2024,12:30,11,13,0.0,1.0,A,0.0,0.0,D
1231,B1,27/07/2024,19:45,17,4,1.0,0.0,H,0.0,0.0,D
1232,B1,27/07/2024,17:15,15,8,0.0,0.0,D,0.0,0.0,D
1233,B1,28/07/2024,17:30,12,2,0.0,1.0,A,0.0,1.0,A
1234,B1,26/07/2024,19:45,1,6,1.0,1.0,D,0.0,0.0,D
1235,B1,27/07/2024,15:00,23,20,0.0,0.0,D,0.0,0.0,D
1236,B1,28/07/2024,12:30,11,3,0.0,0.0,D,0.0,0.0,D
1237,B1,28/07/2024,15:00,7,13,0.0,1.0,A,0.0,0.0,D
1238,B1,28/07/2024,18:15,21,14,3.0,0.0,H,1.0,0.0,H
1239,B1,02/08/2024,19:45,20,15,3.0,1.0,H,2.0,0.0,H
1240,B1,03/08/2024,15:00,6,21,2.0,4.0,A,0.0,2.0,A
1241,B1,03/08/2024,17:15,8,11,3.0,1.0,H,2.0,0.0,H
1242,B1,03/08/2024,19:45,4,12,1.0,4.0,A,0.0,4.0,A
1243,B1,04/08/2024,12:30,2,17,1.0,2.0,A,1.0,1.0,D
1244,B1,04/08/2024,15:00,14,7,1.0,2.0,A,1.0,1.0,D
1245,B1,04/08/2024,17:30,3,1,1.0,0.0,H,0.0,0.0,D
1246,B1,04/08/2024,18:15,13,23,1.0,2.0,A,0.0,1.0,A
1247,B1,09/08/2024,19:45,3,6,0.0,0.0,D,0.0,0.0,D
1248,B1,10/08/2024,15:00,23,7,4.0,1.0,H,2.0,1.0,H
1249,B1,10/08/2024,17:15,21,20,4.0,3.0,H,3.0,1.0,H
1250,B1,10/08/2024,19:45,17,8,1.0,1.0,D,1.0,1.0,D
1251,B1,11/08/2024,12:30,11,1,3.0,2.0,H,0.0,1.0,A
1252,B1,11/08/2024,15:00,2,4,6.0,1.0,H,2.0,0.0,H
1253,B1,11/08/2024,17:30,12,13,1.0,0.0,H,0.0,0.0,D
1254,B1,11/08/2024,18:15,14,15,4.0,1.0,H,3.0,1.0,H
1255,B1,16/08/2024,19:45,20,12,1.0,0.0,H,0.0,0.0,D
1256,B1,17/08/2024,15:00,15,11,3.0,4.0,A,1.0,3.0,A
1257,B1,17/08/2024,17:15,4,23,3.0,3.0,D,2.0,1.0,H
1258,B1,17/08/2024,19:45,6,17,1.0,3.0,A,1.0,2.0,A
1259,B1,18/08/2024,12:30,1,2,1.0,0.0,H,0.0,0.0,D
1260,B1,18/08/2024,15:00,8,14,1.0,1.0,D,1.0,1.0,D
1261,B1,18/08/2024,17:30,7,3,1.0,0.0,H,0.0,0.0,D
1262,B1,18/08/2024,18:15,13,21,4.0,1.0,H,3.0,1.0,H
1263,B1,24/08/2024,17:15,21,8,1.0,1.0,D,1.0,1.0,D
1264,B1,24/08/2024,19:45,2,6,0.0,1.0,A,0.0,1.0,A
1265,B1,25/08/2024,12:30,23,1,1.0,2.0,A,1.0,2.0,A
1266,B1,25/08/2024,15:00,4,20,0.0,0.0,D,0.0,0.0,D
1267,B1,25/08/2024,17:30,3,15,1.0,0.0,H,0.0,0.0,D
1268,B1,25/08/2024,18:15,12,7,1.0,0.0,H,1.0,0.0,H
1269,B1,30/08/2024,19:45,11,21,1.0,0.0,H,0.0,0.0,D
1270,B1,31/08/2024,15:00,6,12,5.0,2.0,H,3.0,2.0,H
1271,B1,31/08/2024,17:15,15,23,1.0,2.0,A,0.0,2.0,A
1272,B1,31/08/2024,19:45,8,3,2.0,0.0,H,1.0,0.0,H
1273,B1,01/09/2024,12:30,1,14,3.0,0.0,H,2.0,0.0,H
1274,B1,01/09/2024,15:00,13,2,1.0,1.0,D,1.0,1.0,D
1275,B1,01/09/2024,17:30,20,17,0.0,0.0,D,0.0,0.0,D
1276,B1,01/09/2024,18:15,7,4,1.0,1.0,D,0.0,1.0,A
