MatchID,HSCR,ASCR,HST,AST,HF,AF,HC,AC,HY,AY,HR,AR
1,17.0,6.0,5.0,4.0,10.0,11.0,10.0,2.0,2.0,3.0,0.0,0.0
2,12.0,4.0,9.0,2.0,8.0,5.0,7.0,3.0,2.0,1.0,0.0,0.0
3,11.0,6.0,8.0,1.0,10.0,11.0,5.0,4.0,1.0,1.0,0.0,0.0
4,11.0,13.0,8.0,2.0,19.0,13.0,6.0,3.0,2.0,2.0,0.0,0.0
5,8.0,15.0,6.0,4.0,15.0,16.0,9.0,8.0,3.0,1.0,0.0,0.0
6,10.0,7.0,4.0,2.0,21.0,17.0,2.0,7.0,3.0,3.0,0.0,0.0
7,11.0,8.0,4.0,6.0,15.0,14.0,4.0,1.0,2.0,4.0,0.0,0.0
8,4.0,16.0,3.0,6.0,12.0,11.0,5.0,8.0,1.0,2.0,0.0,0.0
9,6.0,6.0,2.0,5.0,18.0,12.0,12.0,7.0,3.0,2.0,0.0,0.0
10,9.0,7.0,1.0,4.0,9.0,18.0,5.0,5.0,3.0,3.0,0.0,0.0
11,20.0,10.0,4.0,4.0,11.0,11.0,7.0,1.0,1.0,1.0,0.0,0.0
12,14.0,8.0,2.0,0.0,14.0,19.0,8.0,7.0,1.0,2.0,0.0,0.0
13,23.0,10.0,12.0,5.0,6.0,12.0,6.0,5.0,0.0,1.0,0.0,0.0
14,11.0,8.0,5.0,3.0,17.0,14.0,5.0,2.0,1.0,1.0,0.0,0.0
15,17.0,6.0,6.0,1.0,9.0,11.0,3.0,5.0,3.0,2.0,0.0,0.0
16,13.0,11.0,1.0,5.0,13.0,10.0,6.0,6.0,0.0,0.0,0.0,0.0
17,15.0,3.0,6.0,1.0,15.0,13.0,2.0,1.0,2.0,0.0,0.0,1.0
18,5.0,17.0,3.0,8.0,19.0,18.0,4.0,8.0,3.0,3.0,0.0,0.0
19,6.0,16.0,1.0,6.0,7.0,19.0,1.0,5.0,2.0,2.0,0.0,0.0
20,23.0,6.0,9.0,2.0,16.0,10.0,7.0,2.0,3.0,1.0,0.0,0.0
21,21.0,11.0,8.0,4.0,14.0,13.0,6.0,8.0,4.0,2.0,0.0,0.0
22,8.0,11.0,2.0,5.0,10.0,18.0,6.0,5.0,1.0,4.0,0.0,1.0
23,6.0,17.0,4.0,5.0,10.0,13.0,3.0,6.0,0.0,0.0,0.0,0.0
24,12.0,10.0,1.0,3.0,18.0,12.0,6.0,5.0,6.0,2.0,1.0,0.0
25,19.0,6.0,7.0,2.0,16.0,9.0,5.0,1.0,1.0,0.0,0.0,0.0
26,16.0,7.0,5.0,2.0,16.0,14.0,12.0,2.0,2.0,2.0,0.0,1.0
27,9.0,13.0,1.0,2.0,12.0,26.0,4.0,5.0,1.0,7.0,1.0,1.0
28,11.0,13.0,5.0,5.0,12.0,14.0,5.0,4.0,3.0,3.0,0.0,0.0
29,5.0,17.0,3.0,4.0,25.0,14.0,4.0,5.0,4.0,4.0,1.0,0.0
30,9.0,11.0,1.0,2.0,18.0,16.0,5.0,11.0,2.0,3.0,0.0,0.0
31,16.0,12.0,4.0,7.0,12.0,15.0,4.0,6.0,1.0,1.0,1.0,0.0
32,8.0,9.0,3.0,2.0,14.0,10.0,5.0,4.0,2.0,1.0,0.0,0.0
33,10.0,14.0,2.0,5.0,18.0,15.0,1.0,5.0,4.0,3.0,0.0,0.0
34,20.0,14.0,5.0,8.0,14.0,12.0,7.0,5.0,3.0,1.0,0.0,0.0
35,17.0,9.0,8.0,2.0,12.0,6.0,5.0,3.0,4.0,3.0,0.0,1.0
36,15.0,13.0,7.0,3.0,15.0,16.0,3.0,2.0,2.0,1.0,0.0,0.0
37,17.0,19.0,7.0,6.0,8.0,19.0,4.0,5.0,3.0,3.0,0.0,1.0
38,4.0,11.0,0.0,3.0,19.0,16.0,5.0,10.0,5.0,2.0,0.0,0.0
39,12.0,17.0,3.0,3.0,19.0,16.0,1.0,3.0,2.0,4.0,0.0,1.0
40,18.0,7.0,9.0,4.0,17.0,4.0,5.0,2.0,1.0,2.0,0.0,0.0
41,15.0,8.0,6.0,1.0,11.0,20.0,7.0,3.0,1.0,4.0,0.0,0.0
42,10.0,14.0,3.0,6.0,15.0,16.0,3.0,4.0,3.0,4.0,1.0,1.0
43,8.0,11.0,1.0,4.0,13.0,12.0,3.0,2.0,0.0,1.0,0.0,0.0
44,17.0,9.0,8.0,2.0,15.0,9.0,8.0,1.0,2.0,2.0,0.0,2.0
45,12.0,6.0,7.0,3.0,16.0,17.0,5.0,3.0,0.0,4.0,0.0,2.0
46,14.0,11.0,4.0,2.0,11.0,11.0,7.0,1.0,0.0,1.0,0.0,0.0
47,17.0,15.0,4.0,6.0,19.0,11.0,11.0,2.0,4.0,2.0,0.0,0.0
48,15.0,14.0,3.0,7.0,12.0,5.0,11.0,3.0,3.0,0.0,0.0,0.0
49,14.0,17.0,6.0,7.0,16.0,11.0,5.0,7.0,4.0,1.0,0.0,0.0
50,9.0,14.0,4.0,7.0,10.0,12.0,2.0,4.0,1.0,1.0,0.0,0.0
51,16.0,2.0,5.0,1.0,17.0,21.0,6.0,3.0,0.0,3.0,0.0,0.0
52,11.0,18.0,4.0,5.0,11.0,17.0,1.0,4.0,0.0,1.0,0.0,0.0
53,16.0,11.0,5.0,3.0,6.0,15.0,9.0,4.0,2.0,6.0,0.0,0.0
54,13.0,14.0,6.0,2.0,15.0,17.0,5.0,4.0,1.0,3.0,0.0,0.0
55,15.0,14.0,5.0,3.0,24.0,6.0,6.0,2.0,2.0,0.0,0.0,0.0
56,19.0,5.0,6.0,3.0,16.0,9.0,10.0,0.0,1.0,2.0,0.0,0.0
57,13.0,7.0,5.0,2.0,16.0,16.0,3.0,6.0,3.0,6.0,0.0,0.0
58,24.0,10.0,6.0,3.0,10.0,11.0,8.0,4.0,2.0,3.0,0.0,0.0
59,16.0,5.0,4.0,2.0,11.0,26.0,7.0,2.0,2.0,3.0,0.0,0.0
60,6.0,8.0,3.0,5.0,12.0,20.0,9.0,5.0,2.0,4.0,0.0,0.0
61,21.0,10.0,5.0,1.0,10.0,10.0,8.0,5.0,1.0,2.0,0.0,0.0
62,7.0,19.0,2.0,6.0,6.0,6.0,0.0,6.0,1.0,1.0,0.0,0.0
63,11.0,17.0,5.0,11.0,7.0,22.0,6.0,5.0,1.0,5.0,1.0,0.0
64,11.0,15.0,6.0,5.0,8.0,13.0,4.0,6.0,1.0,2.0,0.0,0.0
65,18.0,13.0,8.0,2.0,10.0,12.0,4.0,6.0,3.0,3.0,0.0,0.0
66,10.0,16.0,3.0,6.0,12.0,12.0,8.0,3.0,5.0,4.0,0.0,0.0
67,12.0,21.0,7.0,3.0,13.0,7.0,9.0,9.0,1.0,0.0,0.0,0.0
68,23.0,5.0,4.0,2.0,15.0,17.0,9.0,4.0,3.0,2.0,0.0,1.0
69,22.0,5.0,6.0,2.0,18.0,15.0,8.0,1.0,1.0,4.0,0.0,1.0
70,22.0,20.0,6.0,7.0,11.0,13.0,6.0,5.0,1.0,1.0,0.0,0.0
71,7.0,10.0,2.0,5.0,8.0,12.0,7.0,8.0,2.0,3.0,0.0,0.0
72,16.0,4.0,5.0,1.0,10.0,7.0,6.0,0.0,1.0,0.0,0.0,0.0
73,14.0,17.0,9.0,6.0,7.0,12.0,5.0,9.0,0.0,0.0,0.0,0.0
74,15.0,12.0,7.0,5.0,14.0,16.0,4.0,4.0,0.0,4.0,0.0,0.0
75,19.0,12.0,6.0,6.0,12.0,7.0,7.0,6.0,2.0,1.0,1.0,0.0
76,13.0,9.0,4.0,3.0,11.0,16.0,8.0,5.0,2.0,3.0,0.0,0.0
77,15.0,22.0,6.0,12.0,6.0,9.0,3.0,9.0,1.0,1.0,0.0,0.0
78,17.0,13.0,6.0,6.0,9.0,15.0,5.0,4.0,3.0,1.0,0.0,0.0
79,11.0,14.0,6.0,5.0,21.0,15.0,4.0,5.0,4.0,2.0,1.0,0.0
80,21.0,18.0,4.0,6.0,10.0,16.0,3.0,8.0,1.0,2.0,0.0,0.0
81,14.0,16.0,3.0,7.0,10.0,20.0,4.0,3.0,0.0,2.0,0.0,0.0
82,12.0,20.0,6.0,10.0,14.0,14.0,4.0,4.0,2.0,3.0,0.0,0.0
83,11.0,11.0,3.0,2.0,10.0,11.0,8.0,6.0,4.0,2.0,0.0,0.0
84,15.0,22.0,9.0,4.0,14.0,13.0,4.0,10.0,1.0,1.0,0.0,0.0
85,9.0,10.0,2.0,4.0,12.0,13.0,4.0,3.0,1.0,1.0,0.0,0.0
86,16.0,8.0,6.0,3.0,15.0,10.0,8.0,3.0,1.0,2.0,0.0,0.0
87,14.0,15.0,8.0,4.0,12.0,12.0,3.0,6.0,1.0,2.0,0.0,0.0
88,18.0,18.0,9.0,5.0,19.0,11.0,7.0,5.0,5.0,1.0,0.0,0.0
89,20.0,9.0,9.0,3.0,18.0,8.0,11.0,1.0,2.0,1.0,0.0,0.0
90,14.0,10.0,5.0,7.0,15.0,4.0,3.0,2.0,1.0,0.0,0.0,0.0
91,14.0,15.0,4.0,6.0,8.0,9.0,4.0,6.0,0.0,3.0,0.0,0.0
92,13.0,10.0,2.0,2.0,13.0,19.0,9.0,4.0,1.0,3.0,0.0,0.0
93,14.0,16.0,4.0,9.0,10.0,8.0,7.0,3.0,4.0,0.0,0.0,0.0
94,8.0,16.0,2.0,5.0,20.0,8.0,3.0,9.0,2.0,0.0,1.0,0.0
95,20.0,9.0,7.0,2.0,9.0,12.0,4.0,6.0,2.0,3.0,0.0,0.0
96,23.0,23.0,8.0,12.0,11.0,14.0,6.0,6.0,2.0,2.0,0.0,0.0
97,25.0,9.0,8.0,3.0,12.0,12.0,14.0,4.0,1.0,2.0,0.0,0.0
98,15.0,8.0,2.0,5.0,21.0,19.0,11.0,4.0,5.0,2.0,1.0,0.0
99,17.0,10.0,4.0,3.0,4.0,14.0,3.0,3.0,0.0,3.0,0.0,0.0
100,14.0,15.0,5.0,7.0,10.0,8.0,4.0,8.0,3.0,0.0,1.0,0.0
101,8.0,10.0,3.0,3.0,20.0,13.0,2.0,7.0,3.0,4.0,0.0,0.0
102,14.0,16.0,5.0,6.0,8.0,13.0,4.0,8.0,3.0,3.0,0.0,0.0
103,14.0,11.0,6.0,5.0,11.0,22.0,3.0,3.0,2.0,0.0,1.0,0.0
104,14.0,12.0,3.0,5.0,13.0,8.0,7.0,5.0,1.0,1.0,0.0,0.0
105,12.0,9.0,5.0,5.0,11.0,11.0,5.0,7.0,4.0,3.0,1.0,0.0
106,17.0,5.0,4.0,2.0,8.0,18.0,7.0,2.0,0.0,3.0,0.0,0.0
107,13.0,13.0,10.0,2.0,21.0,17.0,5.0,3.0,2.0,2.0,0.0,0.0
108,5.0,9.0,1.0,3.0,11.0,26.0,3.0,4.0,0.0,2.0,0.0,0.0
109,5.0,9.0,3.0,4.0,10.0,18.0,3.0,4.0,1.0,2.0,0.0,0.0
110,15.0,17.0,10.0,3.0,10.0,22.0,5.0,3.0,1.0,4.0,0.0,0.0
111,18.0,10.0,7.0,3.0,16.0,19.0,4.0,1.0,1.0,4.0,0.0,0.0
112,14.0,12.0,5.0,2.0,10.0,13.0,2.0,6.0,2.0,2.0,0.0,0.0
113,13.0,9.0,3.0,2.0,12.0,11.0,4.0,5.0,4.0,2.0,0.0,0.0
114,6.0,15.0,3.0,2.0,14.0,11.0,6.0,3.0,1.0,5.0,0.0,0.0
115,8.0,14.0,4.0,4.0,14.0,13.0,10.0,7.0,3.0,1.0,0.0,0.0
116,8.0,18.0,2.0,11.0,9.0,5.0,2.0,6.0,2.0,0.0,0.0,0.0
117,4.0,14.0,3.0,1.0,20.0,15.0,1.0,4.0,2.0,3.0,0.0,0.0
118,12.0,9.0,3.0,5.0,12.0,11.0,3.0,2.0,4.0,2.0,1.0,0.0
119,13.0,10.0,4.0,5.0,15.0,8.0,8.0,0.0,1.0,1.0,0.0,0.0
120,7.0,12.0,1.0,3.0,14.0,11.0,2.0,6.0,2.0,2.0,0.0,0.0
121,19.0,15.0,10.0,9.0,11.0,12.0,5.0,6.0,0.0,3.0,0.0,0.0
122,29.0,16.0,9.0,4.0,9.0,20.0,11.0,2.0,3.0,5.0,0.0,0.0
123,10.0,18.0,6.0,7.0,12.0,13.0,2.0,8.0,3.0,3.0,0.0,0.0
124,11.0,11.0,4.0,4.0,14.0,9.0,4.0,7.0,1.0,3.0,1.0,0.0
125,10.0,25.0,3.0,6.0,7.0,7.0,2.0,8.0,0.0,2.0,0.0,0.0
126,8.0,21.0,2.0,6.0,13.0,12.0,1.0,4.0,1.0,2.0,0.0,0.0
127,12.0,6.0,5.0,2.0,9.0,8.0,7.0,2.0,1.0,2.0,0.0,0.0
128,11.0,15.0,4.0,5.0,10.0,11.0,1.0,5.0,2.0,2.0,1.0,0.0
129,16.0,6.0,5.0,3.0,11.0,6.0,3.0,3.0,0.0,1.0,0.0,0.0
130,20.0,10.0,10.0,2.0,8.0,12.0,5.0,4.0,1.0,3.0,0.0,0.0
131,19.0,18.0,4.0,8.0,8.0,15.0,11.0,7.0,3.0,2.0,0.0,0.0
132,17.0,14.0,5.0,9.0,10.0,13.0,7.0,4.0,2.0,1.0,0.0,0.0
133,7.0,7.0,3.0,2.0,10.0,19.0,3.0,6.0,2.0,4.0,0.0,0.0
134,1.0,13.0,0.0,6.0,12.0,11.0,7.0,7.0,4.0,2.0,0.0,0.0
135,11.0,8.0,3.0,5.0,9.0,18.0,2.0,2.0,0.0,5.0,0.0,0.0
136,15.0,4.0,5.0,1.0,19.0,12.0,7.0,5.0,3.0,3.0,0.0,0.0
137,16.0,11.0,7.0,2.0,13.0,9.0,2.0,7.0,0.0,2.0,0.0,0.0
138,8.0,14.0,4.0,4.0,12.0,9.0,3.0,3.0,4.0,0.0,1.0,0.0
139,20.0,10.0,5.0,4.0,13.0,13.0,12.0,1.0,2.0,1.0,0.0,0.0
140,17.0,11.0,3.0,4.0,5.0,17.0,9.0,5.0,2.0,2.0,1.0,0.0
141,9.0,13.0,1.0,5.0,11.0,15.0,2.0,9.0,3.0,1.0,1.0,0.0
142,14.0,8.0,6.0,3.0,23.0,9.0,3.0,3.0,0.0,1.0,0.0,0.0
143,12.0,10.0,5.0,5.0,13.0,11.0,3.0,1.0,0.0,0.0,1.0,0.0
144,10.0,21.0,5.0,7.0,13.0,13.0,2.0,9.0,3.0,2.0,1.0,0.0
145,17.0,12.0,7.0,9.0,9.0,9.0,6.0,4.0,5.0,2.0,0.0,0.0
146,9.0,14.0,5.0,3.0,12.0,16.0,2.0,3.0,0.0,3.0,1.0,0.0
147,11.0,17.0,2.0,5.0,11.0,11.0,2.0,4.0,2.0,3.0,0.0,0.0
148,17.0,9.0,7.0,1.0,12.0,17.0,4.0,4.0,1.0,2.0,0.0,0.0
149,10.0,17.0,4.0,6.0,12.0,17.0,6.0,5.0,3.0,1.0,0.0,0.0
150,10.0,21.0,3.0,8.0,10.0,11.0,6.0,3.0,3.0,0.0,0.0,0.0
151,10.0,7.0,4.0,2.0,15.0,12.0,3.0,3.0,3.0,0.0,0.0,0.0
152,12.0,11.0,1.0,6.0,17.0,16.0,6.0,4.0,4.0,2.0,1.0,0.0
153,13.0,7.0,5.0,1.0,14.0,16.0,4.0,1.0,1.0,2.0,0.0,0.0
154,22.0,6.0,9.0,2.0,13.0,18.0,15.0,0.0,3.0,3.0,0.0,0.0
155,12.0,29.0,5.0,12.0,12.0,12.0,3.0,3.0,3.0,4.0,0.0,0.0
156,13.0,10.0,6.0,4.0,13.0,14.0,5.0,1.0,4.0,1.0,0.0,0.0
157,9.0,16.0,1.0,7.0,16.0,14.0,5.0,7.0,1.0,4.0,0.0,0.0
158,14.0,9.0,6.0,2.0,9.0,16.0,12.0,2.0,0.0,2.0,1.0,0.0
159,7.0,14.0,3.0,3.0,17.0,15.0,5.0,7.0,3.0,2.0,0.0,0.0
160,9.0,13.0,5.0,6.0,21.0,8.0,4.0,3.0,3.0,0.0,0.0,1.0
161,9.0,20.0,4.0,6.0,12.0,9.0,4.0,9.0,1.0,3.0,0.0,0.0
162,18.0,9.0,7.0,5.0,19.0,14.0,7.0,3.0,2.0,2.0,0.0,1.0
163,17.0,6.0,6.0,1.0,13.0,12.0,8.0,2.0,1.0,1.0,0.0,0.0
164,13.0,8.0,2.0,2.0,9.0,11.0,6.0,5.0,0.0,3.0,0.0,0.0
165,27.0,8.0,6.0,2.0,9.0,20.0,7.0,1.0,1.0,4.0,0.0,0.0
166,10.0,16.0,5.0,6.0,8.0,15.0,5.0,3.0,0.0,1.0,0.0,0.0
167,17.0,16.0,7.0,9.0,21.0,8.0,3.0,6.0,3.0,2.0,0.0,0.0
168,9.0,12.0,3.0,4.0,10.0,14.0,6.0,3.0,3.0,0.0,0.0,0.0
169,20.0,9.0,3.0,4.0,15.0,10.0,6.0,1.0,3.0,1.0,0.0,0.0
170,6.0,17.0,1.0,5.0,13.0,15.0,2.0,10.0,3.0,2.0,0.0,0.0
171,14.0,12.0,5.0,5.0,12.0,11.0,6.0,8.0,2.0,3.0,0.0,0.0
172,13.0,11.0,6.0,4.0,19.0,11.0,5.0,3.0,1.0,2.0,0.0,0.0
173,19.0,11.0,6.0,3.0,15.0,7.0,6.0,3.0,2.0,0.0,0.0,0.0
174,12.0,9.0,5.0,0.0,14.0,10.0,6.0,4.0,1.0,3.0,0.0,0.0
175,7.0,16.0,3.0,6.0,11.0,11.0,2.0,11.0,4.0,2.0,0.0,0.0
176,5.0,19.0,1.0,3.0,10.0,9.0,1.0,9.0,1.0,3.0,0.0,0.0
177,10.0,12.0,3.0,3.0,8.0,13.0,5.0,7.0,1.0,2.0,1.0,0.0
178,20.0,10.0,8.0,5.0,16.0,11.0,5.0,5.0,3.0,1.0,0.0,0.0
179,18.0,6.0,4.0,2.0,15.0,10.0,10.0,2.0,2.0,3.0,0.0,1.0
180,3.0,14.0,1.0,2.0,9.0,12.0,2.0,7.0,2.0,1.0,0.0,0.0
181,18.0,12.0,4.0,5.0,16.0,9.0,3.0,3.0,2.0,3.0,0.0,1.0
182,7.0,11.0,2.0,2.0,20.0,13.0,2.0,2.0,2.0,1.0,0.0,0.0
183,17.0,12.0,12.0,2.0,20.0,16.0,8.0,4.0,2.0,2.0,0.0,1.0
184,13.0,18.0,7.0,10.0,8.0,7.0,8.0,1.0,2.0,1.0,0.0,0.0
185,10.0,10.0,5.0,1.0,14.0,21.0,7.0,4.0,1.0,1.0,0.0,0.0
186,10.0,7.0,4.0,1.0,14.0,8.0,5.0,4.0,1.0,3.0,0.0,0.0
187,7.0,5.0,0.0,3.0,22.0,13.0,7.0,3.0,1.0,1.0,0.0,0.0
188,10.0,15.0,4.0,6.0,15.0,6.0,5.0,7.0,3.0,2.0,0.0,0.0
189,12.0,9.0,4.0,4.0,11.0,17.0,2.0,4.0,2.0,0.0,0.0,1.0
190,14.0,8.0,4.0,4.0,14.0,12.0,6.0,6.0,4.0,1.0,0.0,0.0
191,15.0,4.0,4.0,0.0,2.0,16.0,6.0,4.0,0.0,3.0,0.0,0.0
192,29.0,8.0,7.0,2.0,14.0,12.0,9.0,1.0,2.0,0.0,0.0,0.0
193,13.0,5.0,5.0,3.0,8.0,14.0,7.0,4.0,0.0,2.0,0.0,1.0
194,13.0,11.0,3.0,5.0,17.0,14.0,4.0,0.0,1.0,1.0,0.0,0.0
195,10.0,8.0,1.0,1.0,9.0,14.0,2.0,8.0,2.0,3.0,0.0,0.0
196,14.0,10.0,6.0,4.0,11.0,12.0,5.0,3.0,1.0,1.0,0.0,0.0
197,11.0,17.0,5.0,8.0,12.0,9.0,5.0,9.0,1.0,0.0,0.0,0.0
198,6.0,16.0,3.0,6.0,12.0,25.0,0.0,4.0,2.0,4.0,1.0,0.0
199,26.0,4.0,10.0,0.0,9.0,9.0,13.0,1.0,1.0,0.0,0.0,0.0
200,14.0,12.0,8.0,4.0,9.0,16.0,5.0,10.0,3.0,1.0,0.0,0.0
201,16.0,11.0,3.0,5.0,13.0,9.0,8.0,7.0,2.0,1.0,0.0,0.0
202,17.0,12.0,3.0,6.0,8.0,16.0,7.0,4.0,4.0,3.0,0.0,0.0
203,11.0,12.0,3.0,5.0,7.0,9.0,4.0,4.0,3.0,3.0,0.0,0.0
204,18.0,9.0,8.0,4.0,12.0,17.0,7.0,2.0,0.0,1.0,0.0,0.0
205,9.0,9.0,2.0,5.0,13.0,16.0,6.0,3.0,0.0,0.0,0.0,0.0
206,14.0,16.0,6.0,10.0,11.0,13.0,3.0,2.0,1.0,2.0,0.0,1.0
207,12.0,25.0,5.0,9.0,4.0,10.0,3.0,7.0,2.0,2.0,1.0,0.0
208,19.0,11.0,4.0,4.0,10.0,8.0,5.0,4.0,2.0,1.0,0.0,0.0
209,9.0,17.0,6.0,7.0,13.0,13.0,6.0,10.0,2.0,1.0,0.0,0.0
210,7.0,11.0,1.0,2.0,23.0,11.0,5.0,4.0,2.0,1.0,0.0,0.0
211,4.0,20.0,1.0,4.0,11.0,12.0,4.0,9.0,1.0,2.0,0.0,0.0
212,12.0,13.0,5.0,6.0,11.0,11.0,5.0,3.0,0.0,0.0,0.0,0.0
213,19.0,17.0,11.0,5.0,9.0,14.0,12.0,5.0,2.0,3.0,0.0,0.0
214,10.0,3.0,5.0,2.0,18.0,16.0,6.0,3.0,1.0,2.0,0.0,0.0
215,8.0,8.0,5.0,3.0,9.0,9.0,2.0,6.0,0.0,2.0,0.0,0.0
216,9.0,21.0,3.0,5.0,15.0,5.0,8.0,12.0,2.0,0.0,0.0,0.0
217,15.0,6.0,7.0,3.0,7.0,9.0,12.0,2.0,2.0,1.0,0.0,0.0
218,15.0,12.0,2.0,3.0,20.0,16.0,4.0,3.0,2.0,3.0,0.0,0.0
219,12.0,11.0,5.0,4.0,10.0,13.0,7.0,6.0,0.0,2.0,0.0,0.0
220,14.0,14.0,3.0,7.0,15.0,12.0,6.0,4.0,3.0,2.0,0.0,0.0
221,12.0,14.0,4.0,5.0,14.0,19.0,5.0,3.0,1.0,1.0,1.0,0.0
222,17.0,10.0,7.0,5.0,8.0,18.0,7.0,4.0,1.0,4.0,0.0,0.0
223,20.0,13.0,3.0,7.0,8.0,11.0,7.0,9.0,1.0,1.0,0.0,0.0
224,10.0,12.0,4.0,3.0,11.0,17.0,5.0,3.0,0.0,1.0,0.0,0.0
225,10.0,15.0,6.0,2.0,7.0,11.0,1.0,4.0,3.0,2.0,0.0,0.0
226,10.0,13.0,3.0,5.0,14.0,8.0,4.0,4.0,2.0,1.0,1.0,0.0
227,13.0,5.0,4.0,2.0,8.0,14.0,7.0,5.0,0.0,1.0,0.0,0.0
228,9.0,13.0,3.0,3.0,13.0,11.0,7.0,10.0,2.0,1.0,0.0,0.0
229,6.0,22.0,0.0,10.0,16.0,9.0,3.0,5.0,2.0,0.0,0.0,0.0
230,13.0,10.0,4.0,3.0,11.0,13.0,7.0,1.0,3.0,1.0,1.0,0.0
231,6.0,11.0,3.0,2.0,8.0,16.0,5.0,7.0,4.0,3.0,0.0,0.0
232,9.0,20.0,8.0,5.0,16.0,8.0,3.0,6.0,1.0,1.0,0.0,0.0
233,5.0,11.0,1.0,3.0,16.0,11.0,5.0,2.0,3.0,2.0,0.0,0.0
234,9.0,7.0,3.0,4.0,10.0,16.0,3.0,1.0,4.0,2.0,0.0,0.0
235,8.0,28.0,4.0,10.0,7.0,17.0,3.0,5.0,2.0,4.0,1.0,0.0
236,9.0,15.0,5.0,9.0,12.0,13.0,5.0,2.0,0.0,2.0,0.0,0.0
237,9.0,14.0,3.0,5.0,8.0,21.0,4.0,2.0,1.0,4.0,0.0,0.0
238,14.0,16.0,3.0,6.0,8.0,12.0,5.0,6.0,2.0,0.0,0.0,0.0
239,10.0,4.0,4.0,0.0,10.0,12.0,4.0,2.0,1.0,1.0,0.0,0.0
240,20.0,10.0,9.0,2.0,9.0,12.0,7.0,3.0,1.0,1.0,0.0,0.0
241,11.0,9.0,5.0,4.0,18.0,18.0,4.0,5.0,3.0,2.0,0.0,0.0
242,7.0,10.0,4.0,1.0,13.0,8.0,4.0,2.0,1.0,2.0,0.0,0.0
243,14.0,12.0,3.0,6.0,11.0,9.0,3.0,3.0,1.0,1.0,0.0,0.0
244,9.0,10.0,2.0,1.0,11.0,10.0,3.0,2.0,3.0,2.0,0.0,0.0
245,9.0,15.0,3.0,8.0,12.0,12.0,7.0,5.0,4.0,2.0,0.0,0.0
246,12.0,8.0,3.0,2.0,12.0,10.0,7.0,3.0,2.0,0.0,0.0,0.0
247,10.0,13.0,0.0,8.0,13.0,15.0,6.0,6.0,0.0,3.0,0.0,0.0
248,13.0,11.0,4.0,6.0,15.0,16.0,6.0,3.0,0.0,1.0,0.0,0.0
249,20.0,12.0,6.0,5.0,12.0,11.0,10.0,3.0,2.0,3.0,0.0,0.0
250,9.0,9.0,3.0,0.0,10.0,11.0,3.0,4.0,1.0,1.0,0.0,0.0
251,21.0,4.0,10.0,0.0,16.0,13.0,8.0,5.0,1.0,3.0,0.0,0.0
252,13.0,13.0,4.0,4.0,7.0,10.0,3.0,6.0,2.0,2.0,0.0,0.0
253,13.0,9.0,4.0,2.0,15.0,14.0,1.0,1.0,2.0,5.0,0.0,0.0
254,15.0,15.0,6.0,1.0,12.0,4.0,5.0,11.0,2.0,3.0,0.0,0.0
255,8.0,9.0,6.0,3.0,16.0,15.0,1.0,6.0,1.0,4.0,0.0,0.0
256,13.0,11.0,4.0,4.0,22.0,19.0,2.0,3.0,3.0,2.0,0.0,0.0
257,9.0,10.0,3.0,3.0,9.0,14.0,3.0,4.0,2.0,5.0,0.0,0.0
258,11.0,10.0,3.0,4.0,4.0,8.0,6.0,9.0,2.0,1.0,1.0,0.0
259,10.0,13.0,6.0,6.0,10.0,15.0,2.0,5.0,1.0,2.0,0.0,0.0
260,18.0,5.0,4.0,4.0,9.0,11.0,4.0,1.0,1.0,2.0,0.0,0.0
261,10.0,13.0,7.0,8.0,21.0,9.0,2.0,6.0,4.0,2.0,0.0,0.0
262,18.0,7.0,6.0,2.0,13.0,17.0,9.0,1.0,2.0,2.0,0.0,0.0
263,9.0,18.0,7.0,8.0,11.0,15.0,5.0,9.0,1.0,1.0,1.0,0.0
264,8.0,21.0,0.0,4.0,11.0,16.0,3.0,14.0,2.0,1.0,0.0,0.0
265,18.0,7.0,8.0,1.0,6.0,6.0,6.0,2.0,0.0,1.0,0.0,0.0
266,14.0,7.0,3.0,2.0,16.0,16.0,6.0,0.0,0.0,1.0,0.0,0.0
267,15.0,7.0,8.0,1.0,9.0,17.0,8.0,2.0,1.0,4.0,0.0,1.0
268,7.0,15.0,2.0,3.0,16.0,10.0,4.0,2.0,1.0,0.0,0.0,0.0
269,5.0,8.0,3.0,2.0,10.0,7.0,7.0,7.0,3.0,0.0,0.0,0.0
270,11.0,8.0,2.0,5.0,14.0,13.0,5.0,6.0,0.0,1.0,0.0,0.0
271,14.0,20.0,5.0,5.0,9.0,15.0,3.0,6.0,2.0,4.0,0.0,0.0
272,10.0,15.0,2.0,5.0,10.0,11.0,2.0,9.0,1.0,1.0,0.0,0.0
273,23.0,8.0,8.0,0.0,8.0,10.0,6.0,4.0,2.0,2.0,0.0,0.0
274,14.0,5.0,4.0,2.0,8.0,14.0,5.0,2.0,4.0,2.0,1.0,0.0
275,20.0,12.0,8.0,4.0,17.0,11.0,6.0,4.0,3.0,1.0,0.0,0.0
276,26.0,4.0,11.0,1.0,10.0,5.0,5.0,3.0,2.0,1.0,1.0,1.0
277,9.0,7.0,5.0,3.0,18.0,19.0,3.0,2.0,2.0,2.0,0.0,0.0
278,18.0,15.0,6.0,7.0,9.0,19.0,4.0,3.0,2.0,2.0,2.0,0.0
279,12.0,15.0,3.0,6.0,13.0,9.0,5.0,8.0,0.0,2.0,0.0,0.0
280,11.0,13.0,5.0,3.0,14.0,15.0,3.0,9.0,4.0,2.0,0.0,0.0
281,7.0,8.0,3.0,1.0,10.0,15.0,2.0,4.0,3.0,1.0,1.0,0.0
282,16.0,13.0,4.0,4.0,9.0,14.0,6.0,7.0,2.0,4.0,0.0,0.0
283,15.0,18.0,6.0,4.0,17.0,17.0,6.0,5.0,1.0,3.0,0.0,0.0
284,10.0,21.0,7.0,8.0,8.0,12.0,7.0,7.0,1.0,0.0,0.0,0.0
285,24.0,21.0,10.0,8.0,9.0,15.0,7.0,8.0,1.0,3.0,0.0,1.0
286,9.0,14.0,4.0,8.0,11.0,11.0,1.0,7.0,0.0,1.0,0.0,0.0
287,13.0,19.0,6.0,8.0,11.0,7.0,4.0,6.0,5.0,1.0,2.0,0.0
288,12.0,16.0,4.0,3.0,13.0,14.0,3.0,9.0,2.0,2.0,0.0,0.0
289,11.0,19.0,3.0,6.0,10.0,12.0,6.0,5.0,1.0,0.0,0.0,0.0
290,12.0,13.0,6.0,2.0,13.0,13.0,4.0,11.0,4.0,1.0,1.0,0.0
291,20.0,18.0,12.0,5.0,14.0,9.0,3.0,7.0,3.0,0.0,0.0,0.0
292,17.0,9.0,8.0,2.0,12.0,14.0,9.0,3.0,3.0,2.0,0.0,0.0
293,19.0,6.0,8.0,2.0,13.0,13.0,5.0,2.0,0.0,1.0,0.0,0.0
294,10.0,12.0,5.0,9.0,10.0,15.0,6.0,3.0,1.0,1.0,0.0,0.0
295,8.0,10.0,3.0,3.0,7.0,20.0,3.0,4.0,1.0,3.0,0.0,0.0
296,9.0,21.0,3.0,7.0,10.0,15.0,1.0,11.0,1.0,2.0,0.0,0.0
297,21.0,13.0,8.0,6.0,23.0,5.0,13.0,3.0,3.0,1.0,0.0,1.0
298,21.0,13.0,8.0,5.0,8.0,8.0,7.0,4.0,3.0,0.0,0.0,0.0
299,27.0,24.0,9.0,9.0,11.0,10.0,9.0,4.0,3.0,1.0,0.0,0.0
300,19.0,11.0,7.0,5.0,5.0,11.0,8.0,3.0,1.0,1.0,0.0,0.0
301,11.0,17.0,3.0,11.0,16.0,13.0,4.0,5.0,1.0,1.0,0.0,0.0
302,10.0,13.0,5.0,5.0,14.0,11.0,7.0,5.0,2.0,2.0,0.0,0.0
303,13.0,13.0,2.0,9.0,12.0,11.0,5.0,3.0,3.0,4.0,0.0,0.0
304,4.0,14.0,1.0,4.0,10.0,8.0,2.0,5.0,1.0,1.0,0.0,0.0
305,13.0,9.0,10.0,3.0,14.0,15.0,6.0,9.0,1.0,2.0,0.0,0.0
306,6.0,14.0,4.0,7.0,10.0,10.0,4.0,3.0,2.0,1.0,0.0,0.0
307,17.0,17.0,5.0,5.0,11.0,8.0,7.0,3.0,1.0,2.0,0.0,0.0
308,13.0,10.0,4.0,4.0,12.0,17.0,0.0,4.0,5.0,6.0,0.0,1.0
309,9.0,9.0,4.0,4.0,16.0,15.0,2.0,1.0,4.0,2.0,0.0,0.0
310,11.0,10.0,3.0,6.0,13.0,9.0,9.0,2.0,3.0,1.0,0.0,0.0
311,18.0,10.0,9.0,5.0,12.0,10.0,13.0,2.0,2.0,2.0,0.0,0.0
312,21.0,13.0,11.0,5.0,9.0,14.0,10.0,3.0,3.0,6.0,0.0,0.0
313,9.0,8.0,2.0,5.0,11.0,7.0,4.0,2.0,3.0,3.0,0.0,0.0
314,6.0,12.0,2.0,4.0,12.0,6.0,1.0,8.0,2.0,1.0,0.0,0.0
315,,,,,,,,,1.0,1.0,0.0,0.0
316,25.0,16.0,9.0,7.0,2.0,12.0,9.0,5.0,0.0,1.0,0.0,0.0
317,10.0,7.0,0.0,3.0,12.0,16.0,6.0,5.0,2.0,4.0,0.0,0.0
318,17.0,10.0,3.0,1.0,21.0,8.0,2.0,3.0,3.0,1.0,0.0,0.0
319,10.0,10.0,4.0,4.0,17.0,13.0,6.0,6.0,3.0,3.0,0.0,0.0
320,14.0,10.0,5.0,3.0,11.0,9.0,3.0,2.0,1.0,1.0,0.0,0.0
321,14.0,13.0,3.0,6.0,12.0,14.0,2.0,7.0,2.0,2.0,0.0,0.0
322,17.0,16.0,3.0,5.0,11.0,19.0,5.0,6.0,2.0,4.0,0.0,0.0
323,24.0,11.0,5.0,7.0,8.0,13.0,7.0,8.0,1.0,0.0,0.0,0.0
324,13.0,13.0,3.0,5.0,11.0,9.0,6.0,5.0,2.0,5.0,0.0,0.0
325,12.0,5.0,3.0,1.0,11.0,11.0,7.0,0.0,2.0,4.0,0.0,0.0
326,8.0,15.0,2.0,6.0,12.0,12.0,9.0,3.0,2.0,3.0,0.0,0.0
327,15.0,16.0,4.0,4.0,6.0,11.0,7.0,3.0,0.0,2.0,0.0,0.0
328,11.0,11.0,1.0,7.0,12.0,12.0,8.0,3.0,1.0,2.0,0.0,0.0
329,8.0,17.0,3.0,6.0,7.0,5.0,4.0,4.0,1.0,3.0,0.0,0.0
330,20.0,12.0,9.0,6.0,11.0,16.0,9.0,1.0,3.0,5.0,0.0,0.0
331,21.0,21.0,4.0,9.0,6.0,13.0,7.0,9.0,1.0,1.0,0.0,0.0
332,19.0,4.0,7.0,1.0,14.0,13.0,8.0,2.0,2.0,2.0,0.0,1.0
333,7.0,13.0,3.0,0.0,10.0,9.0,6.0,6.0,3.0,1.0,0.0,0.0
334,23.0,10.0,7.0,7.0,6.0,6.0,12.0,1.0,1.0,2.0,0.0,0.0
335,24.0,2.0,8.0,2.0,11.0,20.0,10.0,2.0,0.0,6.0,0.0,1.0
336,8.0,18.0,5.0,5.0,18.0,10.0,5.0,8.0,4.0,2.0,0.0,0.0
337,10.0,12.0,3.0,7.0,7.0,17.0,3.0,6.0,4.0,5.0,0.0,1.0
338,21.0,15.0,8.0,6.0,11.0,15.0,7.0,6.0,1.0,4.0,0.0,0.0
339,14.0,8.0,4.0,1.0,16.0,14.0,3.0,3.0,2.0,1.0,0.0,0.0
340,20.0,6.0,8.0,3.0,10.0,11.0,13.0,2.0,2.0,2.0,0.0,0.0
341,8.0,17.0,2.0,6.0,9.0,11.0,7.0,7.0,2.0,0.0,0.0,0.0
342,3.0,20.0,1.0,11.0,8.0,10.0,3.0,7.0,2.0,4.0,0.0,1.0
343,17.0,8.0,5.0,1.0,13.0,19.0,6.0,3.0,4.0,4.0,0.0,1.0
344,10.0,9.0,5.0,5.0,14.0,20.0,5.0,3.0,2.0,3.0,0.0,0.0
345,14.0,21.0,6.0,8.0,8.0,12.0,2.0,6.0,2.0,3.0,0.0,0.0
346,24.0,11.0,4.0,2.0,16.0,6.0,6.0,7.0,3.0,3.0,0.0,0.0
347,20.0,17.0,7.0,4.0,10.0,9.0,8.0,6.0,2.0,1.0,0.0,0.0
348,13.0,9.0,5.0,4.0,10.0,16.0,8.0,1.0,3.0,6.0,1.0,1.0
349,12.0,13.0,4.0,5.0,22.0,12.0,6.0,7.0,2.0,3.0,0.0,0.0
350,9.0,13.0,5.0,4.0,9.0,20.0,5.0,7.0,2.0,3.0,0.0,0.0
351,24.0,6.0,10.0,3.0,15.0,11.0,3.0,5.0,2.0,5.0,0.0,2.0
352,24.0,7.0,6.0,2.0,8.0,12.0,9.0,1.0,1.0,2.0,0.0,1.0
353,15.0,9.0,2.0,4.0,8.0,5.0,7.0,1.0,3.0,1.0,0.0,0.0
354,16.0,10.0,4.0,0.0,10.0,17.0,2.0,2.0,1.0,5.0,0.0,0.0
355,11.0,7.0,6.0,3.0,18.0,12.0,1.0,6.0,2.0,2.0,0.0,0.0
356,14.0,22.0,6.0,6.0,8.0,10.0,7.0,13.0,4.0,4.0,0.0,1.0
357,12.0,16.0,3.0,0.0,9.0,8.0,3.0,7.0,1.0,5.0,0.0,0.0
358,22.0,12.0,3.0,6.0,13.0,17.0,11.0,1.0,5.0,3.0,0.0,0.0
359,31.0,4.0,7.0,2.0,11.0,14.0,10.0,4.0,0.0,5.0,0.0,1.0
360,17.0,14.0,4.0,6.0,8.0,9.0,7.0,5.0,2.0,5.0,0.0,0.0
361,4.0,17.0,2.0,8.0,13.0,7.0,2.0,8.0,1.0,2.0,1.0,0.0
362,15.0,8.0,9.0,3.0,9.0,5.0,5.0,3.0,1.0,0.0,0.0,0.0
363,23.0,13.0,10.0,4.0,7.0,18.0,13.0,3.0,2.0,5.0,0.0,1.0
364,19.0,7.0,6.0,3.0,15.0,16.0,8.0,2.0,4.0,7.0,0.0,1.0
365,17.0,17.0,5.0,7.0,8.0,13.0,6.0,4.0,1.0,1.0,0.0,1.0
366,17.0,15.0,5.0,8.0,8.0,19.0,3.0,4.0,2.0,6.0,0.0,1.0
367,14.0,6.0,2.0,3.0,14.0,18.0,5.0,1.0,4.0,3.0,0.0,0.0
368,12.0,14.0,3.0,8.0,10.0,17.0,4.0,5.0,2.0,3.0,0.0,0.0
369,18.0,12.0,12.0,4.0,20.0,11.0,8.0,5.0,4.0,2.0,0.0,0.0
370,8.0,14.0,4.0,5.0,21.0,10.0,2.0,5.0,5.0,5.0,0.0,1.0
371,20.0,11.0,6.0,5.0,19.0,13.0,11.0,4.0,2.0,2.0,0.0,1.0
372,17.0,13.0,5.0,4.0,3.0,10.0,8.0,8.0,1.0,2.0,0.0,0.0
373,8.0,8.0,3.0,2.0,15.0,10.0,6.0,2.0,4.0,1.0,0.0,0.0
374,19.0,11.0,6.0,2.0,13.0,7.0,10.0,6.0,1.0,1.0,0.0,0.0
375,7.0,12.0,1.0,4.0,17.0,11.0,6.0,4.0,3.0,4.0,2.0,0.0
376,7.0,15.0,3.0,3.0,18.0,15.0,3.0,7.0,4.0,3.0,0.0,0.0
377,10.0,16.0,7.0,7.0,11.0,12.0,4.0,8.0,5.0,3.0,1.0,0.0
378,13.0,11.0,5.0,2.0,9.0,14.0,7.0,3.0,2.0,2.0,0.0,0.0
379,32.0,5.0,9.0,1.0,8.0,10.0,14.0,1.0,1.0,2.0,0.0,0.0
380,7.0,16.0,1.0,5.0,10.0,9.0,4.0,7.0,5.0,4.0,2.0,0.0
381,11.0,11.0,3.0,3.0,16.0,10.0,3.0,5.0,5.0,2.0,0.0,0.0
382,7.0,12.0,1.0,4.0,20.0,20.0,2.0,1.0,2.0,4.0,0.0,0.0
383,20.0,12.0,11.0,5.0,14.0,7.0,10.0,7.0,3.0,3.0,0.0,0.0
384,12.0,11.0,6.0,4.0,20.0,18.0,8.0,6.0,3.0,5.0,0.0,0.0
385,9.0,18.0,5.0,6.0,11.0,7.0,3.0,3.0,2.0,1.0,0.0,1.0
386,12.0,11.0,1.0,5.0,9.0,10.0,10.0,4.0,1.0,3.0,0.0,0.0
387,12.0,5.0,8.0,2.0,12.0,9.0,5.0,3.0,3.0,2.0,0.0,0.0
388,16.0,16.0,8.0,4.0,9.0,17.0,5.0,5.0,2.0,3.0,0.0,0.0
389,20.0,21.0,8.0,10.0,14.0,8.0,5.0,6.0,2.0,4.0,0.0,0.0
390,8.0,11.0,2.0,5.0,13.0,13.0,4.0,3.0,2.0,2.0,0.0,0.0
391,14.0,9.0,4.0,1.0,15.0,10.0,5.0,4.0,2.0,1.0,0.0,0.0
392,16.0,14.0,7.0,4.0,13.0,16.0,10.0,4.0,3.0,4.0,1.0,0.0
393,18.0,11.0,4.0,4.0,8.0,12.0,7.0,6.0,2.0,4.0,0.0,0.0
394,26.0,9.0,16.0,4.0,5.0,9.0,7.0,3.0,0.0,0.0,0.0,1.0
395,11.0,13.0,5.0,3.0,6.0,12.0,6.0,7.0,1.0,2.0,0.0,1.0
396,12.0,10.0,7.0,4.0,18.0,11.0,5.0,4.0,2.0,1.0,0.0,0.0
397,17.0,10.0,6.0,0.0,13.0,9.0,4.0,1.0,3.0,5.0,0.0,0.0
398,21.0,11.0,9.0,4.0,18.0,8.0,10.0,2.0,3.0,2.0,1.0,0.0
399,11.0,12.0,3.0,4.0,9.0,15.0,4.0,4.0,1.0,3.0,0.0,0.0
400,12.0,14.0,8.0,3.0,9.0,9.0,3.0,9.0,2.0,2.0,0.0,0.0
401,18.0,13.0,6.0,7.0,16.0,9.0,5.0,3.0,2.0,1.0,0.0,0.0
402,27.0,10.0,9.0,6.0,13.0,10.0,6.0,3.0,2.0,0.0,0.0,0.0
403,17.0,10.0,6.0,5.0,9.0,10.0,6.0,9.0,0.0,3.0,0.0,0.0
404,12.0,12.0,3.0,8.0,5.0,9.0,7.0,8.0,0.0,0.0,0.0,0.0
405,21.0,7.0,13.0,3.0,16.0,9.0,6.0,2.0,1.0,4.0,0.0,0.0
406,11.0,12.0,1.0,8.0,12.0,13.0,7.0,1.0,3.0,1.0,0.0,0.0
407,8.0,4.0,5.0,2.0,15.0,22.0,6.0,3.0,2.0,7.0,0.0,0.0
408,16.0,12.0,5.0,0.0,9.0,13.0,5.0,7.0,2.0,2.0,0.0,0.0
409,17.0,14.0,7.0,3.0,6.0,8.0,11.0,7.0,0.0,2.0,0.0,0.0
410,21.0,12.0,6.0,4.0,8.0,21.0,8.0,2.0,1.0,3.0,0.0,0.0
411,7.0,13.0,4.0,5.0,16.0,10.0,8.0,8.0,2.0,4.0,1.0,1.0
412,21.0,14.0,8.0,3.0,9.0,11.0,6.0,4.0,3.0,3.0,0.0,0.0
413,13.0,13.0,5.0,6.0,14.0,16.0,3.0,1.0,2.0,2.0,0.0,0.0
414,12.0,13.0,7.0,5.0,8.0,13.0,3.0,6.0,0.0,3.0,0.0,1.0
415,14.0,8.0,4.0,4.0,15.0,14.0,7.0,1.0,6.0,3.0,1.0,0.0
416,21.0,7.0,7.0,3.0,11.0,13.0,6.0,5.0,0.0,2.0,0.0,0.0
417,21.0,11.0,8.0,2.0,11.0,11.0,9.0,8.0,0.0,4.0,0.0,0.0
418,14.0,7.0,5.0,3.0,13.0,15.0,8.0,2.0,2.0,5.0,0.0,0.0
419,11.0,11.0,4.0,5.0,16.0,11.0,9.0,2.0,3.0,3.0,0.0,0.0
420,6.0,20.0,2.0,10.0,10.0,7.0,4.0,4.0,2.0,3.0,0.0,0.0
421,12.0,9.0,6.0,3.0,13.0,15.0,6.0,3.0,4.0,5.0,0.0,0.0
422,16.0,13.0,5.0,8.0,11.0,3.0,10.0,5.0,1.0,1.0,2.0,0.0
423,10.0,11.0,4.0,3.0,8.0,17.0,7.0,6.0,2.0,4.0,0.0,0.0
424,8.0,15.0,5.0,4.0,6.0,12.0,9.0,8.0,3.0,3.0,1.0,0.0
425,7.0,9.0,2.0,2.0,13.0,7.0,4.0,6.0,3.0,2.0,0.0,0.0
426,21.0,9.0,7.0,4.0,10.0,16.0,11.0,6.0,1.0,5.0,0.0,0.0
427,9.0,12.0,1.0,1.0,6.0,15.0,1.0,4.0,1.0,5.0,0.0,1.0
428,14.0,11.0,5.0,1.0,9.0,5.0,4.0,4.0,0.0,1.0,0.0,0.0
429,11.0,7.0,4.0,2.0,13.0,25.0,5.0,4.0,2.0,2.0,0.0,0.0
430,8.0,8.0,2.0,4.0,9.0,16.0,4.0,3.0,2.0,2.0,0.0,0.0
431,12.0,9.0,4.0,3.0,7.0,9.0,2.0,8.0,0.0,3.0,0.0,0.0
432,8.0,17.0,4.0,7.0,18.0,13.0,5.0,6.0,1.0,0.0,0.0,0.0
433,11.0,17.0,4.0,5.0,18.0,11.0,11.0,3.0,3.0,1.0,0.0,0.0
434,24.0,11.0,7.0,4.0,13.0,13.0,3.0,3.0,1.0,4.0,0.0,0.0
435,10.0,12.0,5.0,3.0,13.0,11.0,6.0,1.0,3.0,3.0,0.0,0.0
436,8.0,16.0,2.0,4.0,11.0,18.0,5.0,6.0,4.0,4.0,0.0,0.0
437,17.0,13.0,6.0,2.0,6.0,13.0,6.0,8.0,1.0,2.0,0.0,0.0
438,21.0,11.0,4.0,5.0,8.0,15.0,10.0,2.0,0.0,4.0,1.0,0.0
439,12.0,12.0,7.0,4.0,17.0,12.0,5.0,5.0,2.0,0.0,0.0,0.0
440,6.0,15.0,1.0,8.0,11.0,6.0,5.0,5.0,1.0,0.0,0.0,0.0
441,10.0,19.0,3.0,4.0,10.0,5.0,4.0,7.0,1.0,1.0,0.0,0.0
442,14.0,6.0,2.0,5.0,13.0,13.0,5.0,2.0,3.0,3.0,0.0,0.0
443,9.0,11.0,2.0,6.0,12.0,16.0,2.0,6.0,0.0,0.0,0.0,0.0
444,18.0,4.0,9.0,2.0,12.0,15.0,6.0,2.0,1.0,2.0,0.0,0.0
445,13.0,17.0,5.0,8.0,15.0,8.0,7.0,11.0,2.0,1.0,0.0,0.0
446,8.0,14.0,2.0,6.0,13.0,7.0,4.0,8.0,1.0,1.0,0.0,0.0
447,13.0,8.0,5.0,4.0,17.0,11.0,5.0,6.0,1.0,3.0,0.0,1.0
448,15.0,14.0,6.0,5.0,12.0,11.0,2.0,5.0,1.0,1.0,0.0,0.0
449,19.0,8.0,8.0,5.0,9.0,5.0,12.0,4.0,0.0,2.0,0.0,0.0
450,14.0,4.0,8.0,1.0,10.0,16.0,4.0,4.0,1.0,2.0,0.0,0.0
451,9.0,13.0,3.0,9.0,10.0,10.0,2.0,6.0,2.0,2.0,0.0,0.0
452,14.0,16.0,2.0,8.0,5.0,17.0,5.0,11.0,2.0,5.0,0.0,0.0
453,13.0,17.0,1.0,5.0,17.0,25.0,7.0,4.0,2.0,4.0,0.0,0.0
454,17.0,4.0,6.0,2.0,8.0,11.0,10.0,1.0,2.0,2.0,0.0,0.0
455,17.0,13.0,8.0,5.0,9.0,10.0,1.0,3.0,0.0,4.0,0.0,0.0
456,13.0,15.0,3.0,6.0,12.0,13.0,5.0,7.0,4.0,1.0,0.0,0.0
457,17.0,11.0,7.0,4.0,9.0,13.0,5.0,0.0,2.0,2.0,0.0,0.0
458,16.0,8.0,3.0,5.0,15.0,9.0,4.0,1.0,7.0,2.0,0.0,0.0
459,11.0,11.0,3.0,5.0,10.0,5.0,5.0,10.0,1.0,0.0,1.0,0.0
460,11.0,19.0,6.0,3.0,8.0,10.0,5.0,9.0,0.0,1.0,0.0,0.0
461,8.0,18.0,2.0,2.0,11.0,11.0,6.0,7.0,3.0,0.0,1.0,1.0
462,15.0,21.0,7.0,4.0,8.0,10.0,5.0,7.0,1.0,1.0,0.0,0.0
463,12.0,11.0,4.0,5.0,9.0,17.0,6.0,9.0,1.0,4.0,0.0,1.0
464,5.0,17.0,1.0,7.0,8.0,8.0,2.0,9.0,0.0,2.0,1.0,0.0
465,10.0,10.0,4.0,8.0,9.0,15.0,4.0,6.0,4.0,6.0,2.0,1.0
466,13.0,15.0,4.0,3.0,14.0,14.0,6.0,5.0,4.0,2.0,0.0,0.0
467,13.0,12.0,6.0,3.0,9.0,11.0,5.0,4.0,1.0,2.0,0.0,0.0
468,21.0,7.0,7.0,0.0,12.0,14.0,7.0,1.0,0.0,3.0,0.0,0.0
469,12.0,7.0,5.0,1.0,19.0,10.0,5.0,5.0,1.0,1.0,0.0,0.0
470,18.0,8.0,4.0,2.0,9.0,17.0,6.0,6.0,0.0,2.0,0.0,0.0
471,12.0,13.0,0.0,4.0,10.0,10.0,6.0,4.0,1.0,1.0,0.0,0.0
472,12.0,22.0,5.0,9.0,13.0,10.0,4.0,10.0,2.0,0.0,0.0,0.0
473,12.0,14.0,4.0,9.0,9.0,14.0,6.0,9.0,0.0,4.0,0.0,0.0
474,16.0,14.0,7.0,4.0,7.0,4.0,7.0,7.0,0.0,0.0,0.0,0.0
475,16.0,13.0,6.0,8.0,3.0,8.0,3.0,5.0,0.0,1.0,0.0,0.0
476,17.0,11.0,6.0,2.0,12.0,8.0,9.0,4.0,2.0,3.0,0.0,0.0
477,9.0,6.0,2.0,5.0,15.0,14.0,7.0,1.0,2.0,3.0,0.0,0.0
478,13.0,14.0,3.0,6.0,9.0,19.0,8.0,5.0,0.0,5.0,1.0,1.0
479,18.0,10.0,5.0,4.0,14.0,15.0,7.0,2.0,5.0,3.0,0.0,0.0
480,19.0,11.0,6.0,6.0,10.0,14.0,9.0,5.0,2.0,1.0,0.0,0.0
481,8.0,15.0,4.0,3.0,13.0,8.0,5.0,6.0,3.0,1.0,0.0,0.0
482,16.0,12.0,5.0,6.0,16.0,8.0,9.0,8.0,1.0,2.0,0.0,0.0
483,24.0,10.0,8.0,4.0,16.0,7.0,4.0,1.0,4.0,0.0,0.0,0.0
484,10.0,7.0,2.0,2.0,7.0,9.0,6.0,7.0,0.0,2.0,0.0,0.0
485,6.0,22.0,3.0,7.0,9.0,15.0,2.0,5.0,1.0,4.0,0.0,0.0
486,12.0,11.0,5.0,5.0,16.0,11.0,4.0,7.0,3.0,2.0,0.0,0.0
487,19.0,8.0,2.0,2.0,16.0,10.0,8.0,1.0,2.0,1.0,1.0,0.0
488,6.0,10.0,0.0,2.0,11.0,11.0,5.0,6.0,0.0,3.0,0.0,0.0
489,7.0,15.0,2.0,11.0,15.0,8.0,1.0,9.0,1.0,1.0,0.0,1.0
490,19.0,12.0,7.0,6.0,8.0,4.0,4.0,4.0,1.0,0.0,0.0,0.0
491,18.0,19.0,6.0,4.0,12.0,5.0,6.0,10.0,4.0,3.0,0.0,0.0
492,5.0,16.0,2.0,9.0,15.0,10.0,4.0,7.0,2.0,0.0,1.0,0.0
493,13.0,9.0,4.0,1.0,12.0,16.0,6.0,2.0,1.0,3.0,0.0,0.0
494,22.0,13.0,5.0,6.0,9.0,19.0,6.0,6.0,1.0,5.0,0.0,0.0
495,,,,,,,,,,,,
496,19.0,5.0,8.0,2.0,8.0,11.0,7.0,1.0,0.0,4.0,0.0,0.0
497,16.0,13.0,4.0,3.0,12.0,10.0,3.0,4.0,2.0,2.0,0.0,0.0
498,5.0,14.0,3.0,6.0,11.0,17.0,3.0,3.0,2.0,2.0,0.0,0.0
499,15.0,6.0,3.0,1.0,10.0,14.0,3.0,1.0,1.0,3.0,0.0,0.0
500,19.0,8.0,10.0,4.0,10.0,8.0,8.0,4.0,1.0,2.0,0.0,0.0
501,14.0,9.0,3.0,6.0,10.0,15.0,7.0,0.0,2.0,1.0,0.0,1.0
502,12.0,14.0,6.0,5.0,8.0,7.0,5.0,8.0,1.0,2.0,0.0,0.0
503,18.0,11.0,5.0,3.0,15.0,15.0,5.0,1.0,0.0,1.0,0.0,0.0
504,15.0,17.0,12.0,5.0,14.0,13.0,8.0,5.0,1.0,3.0,0.0,0.0
505,13.0,9.0,6.0,1.0,14.0,6.0,6.0,1.0,2.0,2.0,0.0,0.0
506,12.0,8.0,4.0,4.0,13.0,12.0,4.0,4.0,1.0,1.0,0.0,0.0
507,12.0,19.0,6.0,6.0,13.0,9.0,5.0,7.0,2.0,1.0,0.0,1.0
508,8.0,8.0,5.0,2.0,15.0,11.0,5.0,6.0,3.0,0.0,0.0,0.0
509,3.0,8.0,0.0,5.0,12.0,6.0,4.0,4.0,3.0,2.0,0.0,0.0
510,12.0,10.0,5.0,4.0,15.0,10.0,3.0,5.0,3.0,4.0,0.0,0.0
511,13.0,7.0,3.0,2.0,7.0,16.0,8.0,5.0,0.0,2.0,0.0,0.0
512,19.0,7.0,10.0,2.0,14.0,11.0,6.0,2.0,2.0,3.0,0.0,0.0
513,17.0,4.0,6.0,2.0,9.0,15.0,5.0,3.0,1.0,3.0,0.0,0.0
514,16.0,14.0,3.0,4.0,7.0,9.0,11.0,2.0,1.0,2.0,0.0,0.0
515,10.0,10.0,4.0,3.0,6.0,10.0,6.0,2.0,2.0,2.0,0.0,0.0
516,3.0,17.0,0.0,9.0,10.0,17.0,4.0,1.0,1.0,2.0,1.0,0.0
517,14.0,14.0,4.0,4.0,10.0,8.0,5.0,9.0,2.0,1.0,0.0,0.0
518,10.0,17.0,1.0,6.0,14.0,14.0,4.0,9.0,1.0,4.0,0.0,0.0
519,18.0,13.0,3.0,2.0,12.0,9.0,10.0,4.0,1.0,1.0,0.0,0.0
520,18.0,8.0,7.0,3.0,12.0,16.0,13.0,1.0,1.0,3.0,0.0,0.0
521,14.0,10.0,5.0,2.0,8.0,16.0,6.0,1.0,2.0,3.0,0.0,0.0
522,10.0,11.0,2.0,3.0,14.0,14.0,5.0,4.0,1.0,2.0,0.0,0.0
523,6.0,9.0,5.0,3.0,15.0,14.0,5.0,2.0,3.0,1.0,0.0,0.0
524,16.0,3.0,4.0,2.0,11.0,14.0,8.0,7.0,3.0,3.0,0.0,0.0
525,17.0,8.0,8.0,4.0,11.0,16.0,6.0,5.0,1.0,4.0,0.0,0.0
526,8.0,17.0,1.0,6.0,10.0,13.0,3.0,4.0,2.0,1.0,0.0,0.0
527,28.0,5.0,5.0,2.0,9.0,3.0,8.0,1.0,2.0,1.0,1.0,1.0
528,10.0,7.0,3.0,1.0,11.0,6.0,6.0,8.0,1.0,3.0,0.0,1.0
529,12.0,11.0,3.0,4.0,18.0,18.0,6.0,2.0,3.0,4.0,0.0,0.0
530,12.0,8.0,3.0,4.0,11.0,13.0,6.0,2.0,2.0,1.0,0.0,0.0
531,9.0,17.0,5.0,6.0,18.0,19.0,4.0,8.0,6.0,3.0,0.0,1.0
532,14.0,16.0,2.0,6.0,8.0,13.0,6.0,4.0,3.0,3.0,0.0,0.0
533,13.0,10.0,3.0,3.0,9.0,15.0,9.0,5.0,4.0,5.0,2.0,0.0
534,11.0,11.0,4.0,2.0,12.0,15.0,6.0,8.0,0.0,3.0,1.0,0.0
535,19.0,8.0,5.0,5.0,12.0,8.0,9.0,3.0,0.0,1.0,0.0,0.0
536,13.0,10.0,5.0,1.0,12.0,7.0,5.0,4.0,2.0,2.0,0.0,0.0
537,12.0,18.0,6.0,3.0,10.0,14.0,6.0,8.0,0.0,1.0,0.0,0.0
538,22.0,12.0,6.0,7.0,18.0,8.0,4.0,3.0,2.0,3.0,0.0,1.0
539,8.0,19.0,3.0,5.0,14.0,11.0,1.0,9.0,1.0,2.0,0.0,1.0
540,9.0,11.0,3.0,7.0,10.0,8.0,8.0,3.0,2.0,2.0,0.0,1.0
541,11.0,4.0,4.0,1.0,1.0,13.0,7.0,3.0,0.0,1.0,0.0,0.0
542,11.0,16.0,5.0,5.0,13.0,13.0,5.0,5.0,2.0,4.0,0.0,0.0
543,13.0,11.0,4.0,5.0,8.0,6.0,6.0,5.0,2.0,1.0,0.0,0.0
544,15.0,11.0,6.0,4.0,14.0,24.0,4.0,0.0,4.0,3.0,0.0,0.0
545,11.0,13.0,1.0,5.0,17.0,13.0,5.0,4.0,5.0,2.0,0.0,0.0
546,10.0,15.0,5.0,3.0,7.0,9.0,5.0,5.0,1.0,1.0,0.0,0.0
547,10.0,14.0,3.0,4.0,15.0,10.0,3.0,7.0,2.0,3.0,0.0,0.0
548,25.0,6.0,9.0,2.0,5.0,6.0,12.0,5.0,0.0,0.0,0.0,1.0
549,26.0,7.0,10.0,2.0,14.0,11.0,10.0,2.0,1.0,2.0,0.0,1.0
550,17.0,16.0,10.0,3.0,8.0,11.0,1.0,5.0,1.0,4.0,0.0,1.0
551,15.0,4.0,5.0,0.0,14.0,16.0,2.0,0.0,1.0,5.0,0.0,0.0
552,13.0,17.0,5.0,7.0,11.0,9.0,1.0,2.0,3.0,4.0,0.0,1.0
553,24.0,12.0,5.0,8.0,7.0,14.0,10.0,3.0,0.0,2.0,0.0,0.0
554,11.0,15.0,5.0,6.0,9.0,7.0,8.0,3.0,1.0,0.0,0.0,0.0
555,14.0,10.0,5.0,1.0,10.0,11.0,4.0,3.0,4.0,2.0,0.0,1.0
556,10.0,8.0,4.0,3.0,11.0,7.0,6.0,8.0,3.0,3.0,0.0,1.0
557,13.0,7.0,5.0,1.0,8.0,5.0,3.0,8.0,1.0,2.0,0.0,0.0
558,11.0,17.0,6.0,7.0,9.0,8.0,4.0,3.0,1.0,2.0,0.0,0.0
559,13.0,2.0,2.0,0.0,16.0,10.0,9.0,3.0,0.0,4.0,0.0,0.0
560,21.0,14.0,5.0,5.0,10.0,16.0,7.0,5.0,3.0,4.0,1.0,1.0
561,11.0,7.0,2.0,1.0,9.0,14.0,4.0,4.0,1.0,2.0,0.0,0.0
562,14.0,18.0,4.0,5.0,2.0,12.0,5.0,4.0,1.0,4.0,0.0,1.0
563,17.0,8.0,9.0,3.0,18.0,11.0,7.0,3.0,3.0,2.0,0.0,0.0
564,29.0,12.0,9.0,4.0,9.0,15.0,13.0,0.0,0.0,3.0,0.0,0.0
565,12.0,10.0,4.0,4.0,19.0,14.0,2.0,5.0,5.0,2.0,0.0,1.0
566,11.0,13.0,6.0,2.0,8.0,7.0,4.0,7.0,1.0,1.0,0.0,0.0
567,8.0,12.0,3.0,5.0,15.0,14.0,1.0,3.0,2.0,5.0,1.0,0.0
568,13.0,11.0,5.0,5.0,7.0,16.0,3.0,4.0,1.0,3.0,0.0,0.0
569,17.0,17.0,6.0,6.0,10.0,10.0,11.0,2.0,0.0,0.0,0.0,0.0
570,10.0,17.0,3.0,7.0,10.0,9.0,3.0,13.0,2.0,3.0,0.0,0.0
571,6.0,15.0,2.0,7.0,8.0,8.0,6.0,5.0,1.0,1.0,1.0,0.0
572,13.0,6.0,5.0,1.0,13.0,13.0,7.0,3.0,2.0,7.0,0.0,1.0
573,13.0,10.0,7.0,1.0,7.0,10.0,2.0,5.0,1.0,2.0,0.0,0.0
574,8.0,10.0,3.0,2.0,8.0,18.0,8.0,4.0,2.0,3.0,0.0,0.0
575,12.0,12.0,5.0,4.0,7.0,10.0,3.0,7.0,1.0,3.0,0.0,0.0
576,25.0,11.0,8.0,5.0,5.0,8.0,10.0,0.0,0.0,3.0,0.0,0.0
577,9.0,21.0,2.0,8.0,11.0,11.0,5.0,7.0,2.0,0.0,0.0,0.0
578,10.0,14.0,3.0,5.0,12.0,6.0,4.0,3.0,2.0,4.0,0.0,0.0
579,22.0,6.0,4.0,0.0,19.0,11.0,6.0,5.0,1.0,1.0,0.0,0.0
580,9.0,16.0,5.0,6.0,12.0,6.0,1.0,9.0,2.0,1.0,0.0,0.0
581,17.0,9.0,4.0,4.0,11.0,8.0,6.0,4.0,1.0,2.0,0.0,0.0
582,15.0,12.0,10.0,5.0,12.0,13.0,6.0,3.0,3.0,4.0,0.0,0.0
583,14.0,8.0,4.0,4.0,10.0,18.0,5.0,1.0,1.0,5.0,0.0,0.0
584,10.0,14.0,2.0,6.0,13.0,14.0,6.0,2.0,4.0,2.0,0.0,0.0
585,9.0,12.0,3.0,5.0,13.0,13.0,3.0,4.0,3.0,1.0,0.0,0.0
586,18.0,7.0,7.0,4.0,16.0,13.0,9.0,1.0,1.0,5.0,0.0,0.0
587,12.0,22.0,5.0,6.0,3.0,7.0,6.0,12.0,3.0,0.0,1.0,0.0
588,12.0,9.0,11.0,4.0,18.0,4.0,2.0,3.0,2.0,0.0,0.0,1.0
589,12.0,12.0,3.0,5.0,11.0,13.0,3.0,3.0,2.0,1.0,0.0,0.0
590,19.0,5.0,7.0,2.0,6.0,4.0,4.0,0.0,1.0,2.0,0.0,0.0
591,14.0,10.0,5.0,2.0,9.0,15.0,10.0,6.0,1.0,4.0,0.0,1.0
592,12.0,10.0,1.0,3.0,16.0,19.0,2.0,6.0,0.0,3.0,0.0,0.0
593,5.0,19.0,2.0,7.0,2.0,6.0,4.0,5.0,0.0,2.0,0.0,0.0
594,18.0,10.0,4.0,5.0,10.0,8.0,7.0,6.0,1.0,2.0,0.0,0.0
595,4.0,22.0,1.0,10.0,10.0,8.0,2.0,5.0,1.0,0.0,0.0,0.0
596,9.0,15.0,0.0,7.0,12.0,13.0,1.0,4.0,4.0,2.0,0.0,1.0
597,15.0,15.0,7.0,5.0,7.0,11.0,11.0,6.0,0.0,2.0,0.0,0.0
598,13.0,7.0,2.0,4.0,9.0,6.0,6.0,4.0,2.0,1.0,0.0,0.0
599,16.0,9.0,5.0,3.0,11.0,11.0,6.0,3.0,1.0,3.0,0.0,0.0
600,5.0,13.0,1.0,5.0,18.0,12.0,4.0,7.0,4.0,2.0,0.0,0.0
601,15.0,10.0,3.0,6.0,14.0,8.0,7.0,4.0,4.0,1.0,0.0,1.0
602,20.0,1.0,11.0,0.0,8.0,14.0,5.0,2.0,1.0,2.0,0.0,0.0
603,14.0,5.0,9.0,2.0,11.0,10.0,4.0,2.0,2.0,1.0,0.0,0.0
604,9.0,16.0,1.0,8.0,14.0,9.0,5.0,3.0,4.0,3.0,0.0,1.0
605,24.0,5.0,7.0,1.0,6.0,11.0,9.0,2.0,0.0,1.0,0.0,0.0
606,15.0,9.0,7.0,3.0,9.0,11.0,7.0,3.0,0.0,2.0,0.0,0.0
607,22.0,8.0,8.0,0.0,8.0,6.0,7.0,4.0,2.0,1.0,0.0,0.0
608,26.0,7.0,12.0,3.0,7.0,13.0,6.0,3.0,0.0,4.0,0.0,0.0
609,15.0,15.0,5.0,9.0,10.0,6.0,7.0,3.0,1.0,1.0,0.0,0.0
610,4.0,13.0,2.0,6.0,3.0,13.0,4.0,7.0,0.0,2.0,1.0,0.0
611,,,,,,,,,,,,
612,15.0,11.0,5.0,2.0,12.0,15.0,5.0,2.0,2.0,3.0,0.0,0.0
613,7.0,25.0,3.0,9.0,14.0,13.0,2.0,12.0,5.0,2.0,1.0,0.0
614,12.0,8.0,5.0,7.0,10.0,12.0,2.0,1.0,2.0,1.0,0.0,0.0
615,15.0,19.0,2.0,6.0,14.0,13.0,6.0,4.0,3.0,0.0,0.0,0.0
616,18.0,2.0,8.0,0.0,14.0,17.0,7.0,0.0,1.0,1.0,0.0,0.0
617,11.0,14.0,3.0,3.0,9.0,11.0,0.0,5.0,1.0,4.0,0.0,0.0
618,15.0,16.0,5.0,10.0,7.0,17.0,4.0,3.0,1.0,2.0,0.0,0.0
619,13.0,9.0,2.0,3.0,10.0,9.0,6.0,2.0,1.0,1.0,0.0,0.0
620,13.0,8.0,3.0,1.0,9.0,8.0,7.0,5.0,0.0,4.0,0.0,1.0
621,18.0,4.0,8.0,0.0,12.0,20.0,3.0,4.0,1.0,5.0,0.0,1.0
622,16.0,5.0,6.0,4.0,11.0,5.0,8.0,4.0,2.0,1.0,0.0,0.0
623,13.0,5.0,5.0,0.0,11.0,15.0,8.0,1.0,0.0,5.0,0.0,1.0
624,9.0,19.0,7.0,7.0,5.0,14.0,6.0,9.0,0.0,2.0,1.0,0.0
625,11.0,14.0,5.0,0.0,11.0,15.0,5.0,6.0,2.0,3.0,0.0,1.0
626,13.0,11.0,4.0,7.0,14.0,12.0,3.0,6.0,2.0,2.0,0.0,0.0
627,16.0,10.0,5.0,2.0,15.0,11.0,7.0,4.0,3.0,4.0,0.0,0.0
628,13.0,13.0,6.0,5.0,18.0,13.0,5.0,7.0,4.0,2.0,1.0,0.0
629,18.0,7.0,4.0,3.0,17.0,9.0,3.0,4.0,2.0,2.0,1.0,1.0
630,17.0,12.0,7.0,4.0,6.0,14.0,3.0,6.0,2.0,3.0,0.0,1.0
631,23.0,7.0,7.0,4.0,7.0,17.0,7.0,4.0,2.0,3.0,0.0,0.0
632,24.0,9.0,14.0,5.0,9.0,15.0,8.0,2.0,0.0,3.0,0.0,1.0
633,15.0,9.0,3.0,6.0,11.0,7.0,9.0,5.0,2.0,1.0,0.0,0.0
634,10.0,18.0,4.0,2.0,12.0,16.0,4.0,6.0,0.0,1.0,0.0,0.0
635,6.0,6.0,4.0,2.0,14.0,12.0,3.0,5.0,2.0,5.0,0.0,0.0
636,10.0,6.0,7.0,3.0,15.0,17.0,6.0,6.0,1.0,2.0,0.0,0.0
637,15.0,9.0,5.0,3.0,11.0,10.0,10.0,7.0,2.0,0.0,0.0,0.0
638,12.0,5.0,6.0,2.0,14.0,8.0,2.0,1.0,1.0,1.0,0.0,0.0
639,17.0,8.0,4.0,4.0,7.0,11.0,8.0,7.0,2.0,1.0,0.0,0.0
640,8.0,13.0,2.0,7.0,9.0,7.0,2.0,6.0,3.0,1.0,0.0,0.0
641,14.0,12.0,5.0,6.0,3.0,11.0,4.0,6.0,2.0,6.0,0.0,1.0
642,12.0,10.0,2.0,4.0,9.0,13.0,8.0,8.0,1.0,3.0,0.0,0.0
643,11.0,13.0,3.0,5.0,8.0,13.0,4.0,6.0,2.0,2.0,0.0,0.0
644,17.0,6.0,9.0,2.0,22.0,11.0,5.0,1.0,0.0,3.0,0.0,0.0
645,12.0,10.0,6.0,7.0,13.0,11.0,6.0,5.0,4.0,3.0,0.0,0.0
646,16.0,9.0,5.0,3.0,12.0,9.0,6.0,3.0,4.0,0.0,0.0,0.0
647,13.0,12.0,2.0,6.0,6.0,12.0,7.0,5.0,3.0,2.0,0.0,0.0
648,15.0,15.0,6.0,6.0,14.0,16.0,4.0,8.0,4.0,2.0,0.0,0.0
649,12.0,16.0,5.0,7.0,17.0,10.0,7.0,6.0,5.0,3.0,0.0,0.0
650,12.0,9.0,6.0,3.0,12.0,16.0,5.0,5.0,2.0,4.0,0.0,0.0
651,15.0,9.0,5.0,2.0,7.0,19.0,7.0,5.0,1.0,1.0,0.0,0.0
652,29.0,9.0,12.0,2.0,16.0,12.0,15.0,2.0,3.0,3.0,0.0,1.0
653,9.0,15.0,4.0,6.0,5.0,7.0,2.0,5.0,2.0,0.0,0.0,0.0
654,25.0,7.0,8.0,5.0,11.0,15.0,10.0,3.0,3.0,4.0,0.0,1.0
655,14.0,14.0,7.0,8.0,11.0,7.0,4.0,5.0,1.0,2.0,0.0,0.0
656,21.0,16.0,6.0,6.0,9.0,6.0,2.0,5.0,1.0,0.0,0.0,0.0
657,10.0,11.0,3.0,4.0,10.0,13.0,5.0,2.0,2.0,3.0,0.0,0.0
658,23.0,8.0,6.0,4.0,10.0,16.0,6.0,4.0,1.0,2.0,0.0,0.0
659,11.0,15.0,6.0,5.0,9.0,15.0,2.0,7.0,1.0,3.0,0.0,0.0
660,10.0,2.0,4.0,2.0,10.0,15.0,4.0,3.0,1.0,3.0,0.0,0.0
661,15.0,6.0,4.0,4.0,12.0,11.0,6.0,2.0,2.0,3.0,0.0,0.0
662,6.0,16.0,2.0,5.0,10.0,19.0,4.0,9.0,4.0,3.0,1.0,0.0
663,11.0,9.0,6.0,5.0,11.0,8.0,7.0,7.0,3.0,1.0,0.0,0.0
664,7.0,15.0,5.0,2.0,10.0,15.0,5.0,10.0,2.0,1.0,0.0,0.0
665,10.0,8.0,4.0,3.0,11.0,10.0,4.0,3.0,2.0,0.0,0.0,2.0
666,10.0,10.0,1.0,5.0,10.0,13.0,5.0,3.0,2.0,2.0,0.0,0.0
667,8.0,13.0,4.0,2.0,10.0,18.0,7.0,4.0,1.0,2.0,0.0,0.0
668,17.0,8.0,4.0,3.0,13.0,12.0,8.0,6.0,1.0,3.0,0.0,0.0
669,21.0,14.0,5.0,3.0,16.0,7.0,8.0,4.0,5.0,3.0,0.0,0.0
670,8.0,6.0,5.0,2.0,14.0,17.0,9.0,3.0,2.0,2.0,0.0,0.0
671,15.0,14.0,5.0,5.0,10.0,7.0,5.0,4.0,2.0,2.0,0.0,0.0
672,21.0,12.0,6.0,4.0,11.0,13.0,12.0,2.0,3.0,1.0,0.0,0.0
673,12.0,11.0,3.0,3.0,10.0,8.0,3.0,6.0,0.0,2.0,0.0,0.0
674,14.0,9.0,7.0,1.0,6.0,6.0,4.0,4.0,2.0,0.0,0.0,1.0
675,9.0,12.0,1.0,4.0,14.0,16.0,7.0,3.0,3.0,3.0,0.0,1.0
676,22.0,11.0,5.0,2.0,12.0,14.0,7.0,0.0,0.0,3.0,0.0,0.0
677,12.0,10.0,3.0,5.0,7.0,13.0,10.0,3.0,3.0,5.0,0.0,0.0
678,10.0,13.0,5.0,3.0,14.0,19.0,3.0,6.0,5.0,3.0,1.0,0.0
679,4.0,11.0,1.0,4.0,20.0,9.0,2.0,1.0,4.0,2.0,0.0,0.0
680,10.0,7.0,4.0,5.0,10.0,14.0,2.0,1.0,1.0,4.0,0.0,0.0
681,13.0,12.0,6.0,3.0,9.0,15.0,1.0,6.0,2.0,3.0,0.0,0.0
682,13.0,11.0,6.0,4.0,9.0,13.0,3.0,3.0,1.0,3.0,0.0,0.0
683,10.0,14.0,3.0,4.0,14.0,12.0,4.0,5.0,4.0,3.0,0.0,0.0
684,23.0,5.0,6.0,1.0,7.0,10.0,4.0,4.0,0.0,2.0,0.0,0.0
685,12.0,10.0,4.0,2.0,12.0,12.0,5.0,3.0,3.0,2.0,0.0,0.0
686,12.0,10.0,2.0,1.0,8.0,8.0,10.0,1.0,2.0,2.0,1.0,0.0
687,18.0,16.0,6.0,7.0,11.0,10.0,10.0,7.0,1.0,3.0,0.0,0.0
688,4.0,18.0,2.0,8.0,13.0,15.0,0.0,4.0,1.0,3.0,1.0,0.0
689,14.0,7.0,4.0,3.0,9.0,4.0,1.0,0.0,0.0,0.0,0.0,0.0
690,10.0,9.0,6.0,0.0,13.0,11.0,5.0,5.0,2.0,2.0,0.0,0.0
691,9.0,12.0,4.0,3.0,8.0,19.0,5.0,5.0,3.0,2.0,1.0,0.0
692,9.0,10.0,6.0,1.0,10.0,14.0,1.0,8.0,4.0,2.0,1.0,0.0
693,12.0,8.0,5.0,3.0,17.0,8.0,9.0,6.0,1.0,2.0,0.0,0.0
694,13.0,10.0,3.0,3.0,9.0,14.0,9.0,4.0,1.0,4.0,0.0,0.0
695,8.0,11.0,2.0,6.0,7.0,15.0,6.0,8.0,2.0,3.0,0.0,0.0
696,12.0,10.0,7.0,5.0,17.0,10.0,2.0,6.0,1.0,1.0,1.0,0.0
697,9.0,12.0,4.0,3.0,12.0,11.0,5.0,12.0,3.0,3.0,0.0,0.0
698,21.0,6.0,10.0,2.0,2.0,10.0,5.0,3.0,0.0,0.0,0.0,0.0
699,21.0,5.0,8.0,2.0,9.0,14.0,14.0,5.0,2.0,3.0,0.0,0.0
700,12.0,14.0,7.0,5.0,15.0,15.0,6.0,4.0,3.0,5.0,0.0,0.0
701,13.0,21.0,4.0,5.0,8.0,13.0,0.0,7.0,4.0,1.0,0.0,0.0
702,22.0,8.0,6.0,4.0,8.0,13.0,10.0,1.0,1.0,2.0,0.0,0.0
703,11.0,4.0,4.0,3.0,15.0,9.0,6.0,2.0,1.0,3.0,0.0,1.0
704,28.0,6.0,7.0,2.0,12.0,13.0,10.0,3.0,4.0,0.0,0.0,0.0
705,13.0,13.0,2.0,2.0,11.0,10.0,3.0,9.0,1.0,1.0,1.0,0.0
706,11.0,14.0,2.0,7.0,15.0,9.0,4.0,6.0,6.0,2.0,0.0,0.0
707,29.0,10.0,12.0,5.0,4.0,9.0,11.0,3.0,0.0,1.0,0.0,0.0
708,19.0,13.0,3.0,7.0,11.0,13.0,5.0,7.0,1.0,4.0,0.0,0.0
709,10.0,13.0,1.0,6.0,15.0,15.0,6.0,9.0,2.0,2.0,0.0,0.0
710,10.0,4.0,3.0,1.0,19.0,14.0,3.0,1.0,3.0,4.0,1.0,2.0
711,17.0,13.0,7.0,5.0,10.0,7.0,3.0,4.0,0.0,1.0,0.0,0.0
712,10.0,2.0,3.0,2.0,10.0,10.0,5.0,2.0,0.0,1.0,0.0,0.0
713,8.0,15.0,5.0,8.0,14.0,16.0,3.0,5.0,4.0,4.0,0.0,0.0
714,18.0,2.0,10.0,2.0,20.0,9.0,2.0,2.0,2.0,2.0,0.0,0.0
715,10.0,7.0,3.0,2.0,11.0,14.0,4.0,4.0,1.0,2.0,0.0,0.0
716,19.0,13.0,7.0,1.0,9.0,15.0,11.0,9.0,3.0,2.0,0.0,1.0
717,6.0,13.0,4.0,2.0,14.0,14.0,2.0,6.0,2.0,3.0,0.0,0.0
718,19.0,8.0,9.0,1.0,12.0,14.0,5.0,2.0,1.0,3.0,0.0,1.0
719,12.0,11.0,4.0,4.0,15.0,15.0,6.0,7.0,1.0,3.0,0.0,1.0
720,11.0,17.0,3.0,8.0,10.0,9.0,6.0,4.0,2.0,2.0,0.0,0.0
721,11.0,12.0,5.0,6.0,22.0,7.0,4.0,9.0,3.0,1.0,0.0,0.0
722,22.0,8.0,9.0,4.0,10.0,11.0,6.0,3.0,3.0,2.0,0.0,0.0
723,23.0,6.0,10.0,5.0,8.0,7.0,7.0,1.0,1.0,0.0,0.0,1.0
724,5.0,13.0,3.0,2.0,13.0,20.0,1.0,1.0,5.0,3.0,1.0,0.0
725,17.0,2.0,3.0,2.0,7.0,13.0,3.0,4.0,1.0,2.0,0.0,1.0
726,12.0,7.0,7.0,2.0,14.0,14.0,8.0,1.0,2.0,2.0,0.0,1.0
727,14.0,8.0,7.0,1.0,9.0,9.0,8.0,5.0,1.0,2.0,0.0,0.0
728,17.0,6.0,4.0,2.0,15.0,17.0,7.0,3.0,1.0,2.0,0.0,0.0
729,12.0,11.0,5.0,4.0,19.0,14.0,5.0,5.0,8.0,1.0,0.0,1.0
730,20.0,11.0,8.0,3.0,9.0,9.0,6.0,6.0,3.0,1.0,0.0,0.0
731,6.0,18.0,3.0,5.0,11.0,14.0,6.0,6.0,0.0,2.0,1.0,0.0
732,20.0,9.0,10.0,2.0,7.0,10.0,7.0,8.0,3.0,4.0,1.0,0.0
733,13.0,14.0,3.0,2.0,10.0,12.0,3.0,5.0,2.0,2.0,1.0,0.0
734,6.0,13.0,4.0,2.0,8.0,9.0,4.0,4.0,4.0,2.0,1.0,0.0
735,20.0,8.0,4.0,5.0,10.0,19.0,8.0,4.0,1.0,1.0,0.0,0.0
736,14.0,5.0,4.0,3.0,5.0,11.0,9.0,3.0,1.0,1.0,0.0,0.0
737,,,,,,,,,,,,
738,8.0,7.0,5.0,4.0,15.0,20.0,5.0,5.0,2.0,3.0,0.0,0.0
739,14.0,10.0,6.0,5.0,9.0,15.0,8.0,7.0,2.0,2.0,1.0,0.0
740,6.0,18.0,3.0,7.0,13.0,11.0,4.0,10.0,1.0,1.0,1.0,0.0
741,14.0,16.0,5.0,3.0,17.0,16.0,3.0,6.0,4.0,2.0,0.0,0.0
742,11.0,13.0,3.0,4.0,5.0,9.0,4.0,2.0,4.0,3.0,0.0,0.0
743,16.0,6.0,6.0,3.0,5.0,13.0,4.0,2.0,2.0,2.0,0.0,0.0
744,19.0,12.0,8.0,2.0,15.0,6.0,10.0,4.0,2.0,2.0,0.0,0.0
745,12.0,13.0,2.0,3.0,16.0,11.0,6.0,7.0,3.0,2.0,0.0,0.0
746,12.0,10.0,5.0,4.0,14.0,17.0,1.0,6.0,5.0,4.0,0.0,0.0
747,8.0,14.0,3.0,6.0,13.0,4.0,4.0,8.0,3.0,3.0,0.0,0.0
748,13.0,6.0,8.0,2.0,3.0,7.0,5.0,4.0,1.0,1.0,0.0,0.0
749,22.0,14.0,6.0,7.0,11.0,10.0,11.0,5.0,1.0,4.0,0.0,1.0
750,8.0,9.0,4.0,4.0,8.0,14.0,6.0,6.0,2.0,2.0,0.0,0.0
751,6.0,15.0,2.0,5.0,14.0,19.0,5.0,7.0,5.0,1.0,1.0,0.0
752,13.0,8.0,5.0,4.0,13.0,10.0,7.0,2.0,0.0,3.0,1.0,1.0
753,11.0,8.0,2.0,4.0,11.0,12.0,4.0,3.0,1.0,5.0,0.0,0.0
754,25.0,13.0,1.0,5.0,12.0,14.0,10.0,4.0,4.0,3.0,0.0,0.0
755,14.0,4.0,3.0,1.0,13.0,13.0,4.0,1.0,2.0,3.0,0.0,0.0
756,22.0,8.0,9.0,4.0,13.0,15.0,8.0,6.0,3.0,3.0,0.0,1.0
757,25.0,4.0,14.0,1.0,11.0,8.0,14.0,3.0,1.0,6.0,0.0,1.0
758,16.0,7.0,8.0,0.0,8.0,14.0,5.0,3.0,1.0,2.0,0.0,0.0
759,12.0,6.0,1.0,1.0,13.0,11.0,10.0,2.0,0.0,4.0,1.0,1.0
760,19.0,16.0,9.0,8.0,12.0,8.0,11.0,2.0,2.0,2.0,0.0,0.0
761,,,,,,,,,,,,
762,9.0,11.0,5.0,6.0,11.0,11.0,3.0,4.0,4.0,2.0,0.0,0.0
763,10.0,13.0,5.0,7.0,10.0,17.0,8.0,4.0,3.0,4.0,0.0,0.0
764,12.0,13.0,5.0,4.0,10.0,14.0,5.0,6.0,2.0,3.0,0.0,1.0
765,8.0,19.0,3.0,10.0,8.0,15.0,8.0,6.0,2.0,0.0,1.0,1.0
766,8.0,15.0,1.0,5.0,9.0,16.0,4.0,9.0,3.0,1.0,0.0,0.0
767,21.0,1.0,5.0,0.0,12.0,12.0,13.0,1.0,0.0,5.0,0.0,0.0
768,20.0,12.0,9.0,4.0,8.0,8.0,9.0,8.0,2.0,4.0,0.0,1.0
769,20.0,12.0,7.0,5.0,10.0,17.0,3.0,3.0,3.0,2.0,0.0,0.0
770,12.0,4.0,5.0,1.0,9.0,13.0,10.0,2.0,3.0,4.0,0.0,0.0
771,18.0,14.0,8.0,6.0,13.0,11.0,5.0,6.0,4.0,1.0,0.0,0.0
772,9.0,9.0,2.0,2.0,13.0,8.0,3.0,0.0,2.0,1.0,0.0,0.0
773,12.0,6.0,6.0,1.0,10.0,10.0,6.0,3.0,0.0,1.0,0.0,1.0
774,10.0,15.0,4.0,7.0,10.0,8.0,3.0,6.0,1.0,1.0,0.0,0.0
775,6.0,9.0,1.0,3.0,11.0,13.0,9.0,2.0,0.0,2.0,0.0,0.0
776,10.0,20.0,3.0,4.0,11.0,12.0,5.0,7.0,1.0,2.0,0.0,0.0
777,11.0,4.0,5.0,2.0,8.0,9.0,6.0,4.0,1.0,3.0,0.0,0.0
778,17.0,4.0,3.0,2.0,21.0,20.0,5.0,2.0,6.0,5.0,2.0,0.0
779,11.0,9.0,5.0,1.0,10.0,10.0,3.0,6.0,2.0,1.0,0.0,0.0
780,12.0,7.0,6.0,4.0,13.0,10.0,5.0,4.0,2.0,4.0,0.0,1.0
781,16.0,7.0,4.0,4.0,21.0,16.0,3.0,3.0,2.0,6.0,0.0,0.0
782,6.0,21.0,2.0,10.0,12.0,12.0,0.0,6.0,5.0,3.0,1.0,0.0
783,16.0,15.0,4.0,6.0,10.0,16.0,5.0,6.0,1.0,3.0,0.0,0.0
784,14.0,10.0,4.0,4.0,10.0,7.0,9.0,3.0,3.0,2.0,0.0,1.0
785,8.0,16.0,2.0,1.0,9.0,15.0,3.0,11.0,5.0,1.0,0.0,0.0
786,7.0,10.0,3.0,4.0,9.0,9.0,3.0,3.0,1.0,1.0,0.0,0.0
787,16.0,14.0,6.0,4.0,6.0,17.0,10.0,1.0,1.0,1.0,0.0,1.0
788,9.0,7.0,3.0,1.0,17.0,16.0,1.0,5.0,2.0,2.0,0.0,0.0
789,17.0,4.0,6.0,0.0,13.0,15.0,3.0,4.0,2.0,3.0,0.0,0.0
790,15.0,12.0,6.0,5.0,14.0,12.0,7.0,5.0,3.0,1.0,0.0,0.0
791,17.0,7.0,6.0,5.0,13.0,11.0,8.0,9.0,5.0,4.0,0.0,0.0
792,10.0,12.0,6.0,3.0,9.0,12.0,9.0,7.0,1.0,1.0,0.0,0.0
793,17.0,7.0,7.0,3.0,9.0,10.0,8.0,7.0,2.0,2.0,0.0,0.0
794,12.0,10.0,5.0,1.0,12.0,13.0,7.0,7.0,2.0,0.0,0.0,0.0
795,14.0,8.0,5.0,3.0,7.0,9.0,11.0,4.0,3.0,0.0,0.0,0.0
796,6.0,15.0,1.0,7.0,15.0,10.0,3.0,6.0,2.0,0.0,0.0,0.0
797,16.0,12.0,3.0,6.0,13.0,17.0,6.0,5.0,1.0,0.0,0.0,0.0
798,19.0,11.0,9.0,5.0,9.0,16.0,5.0,2.0,1.0,2.0,0.0,0.0
799,21.0,12.0,7.0,7.0,11.0,12.0,6.0,8.0,1.0,2.0,0.0,1.0
800,11.0,9.0,6.0,3.0,7.0,11.0,9.0,5.0,2.0,4.0,0.0,0.0
801,8.0,13.0,4.0,4.0,14.0,6.0,1.0,8.0,1.0,1.0,0.0,0.0
802,11.0,13.0,3.0,5.0,15.0,10.0,5.0,5.0,1.0,1.0,0.0,0.0
803,15.0,8.0,8.0,3.0,14.0,15.0,9.0,0.0,2.0,4.0,0.0,0.0
804,9.0,10.0,4.0,6.0,11.0,15.0,4.0,6.0,3.0,1.0,0.0,0.0
805,18.0,11.0,7.0,4.0,7.0,15.0,12.0,5.0,1.0,3.0,0.0,0.0
806,8.0,10.0,6.0,3.0,20.0,9.0,2.0,2.0,3.0,2.0,0.0,1.0
807,9.0,14.0,4.0,4.0,17.0,11.0,4.0,6.0,3.0,1.0,0.0,0.0
808,12.0,9.0,6.0,3.0,7.0,18.0,2.0,3.0,2.0,4.0,0.0,1.0
809,5.0,13.0,1.0,4.0,12.0,10.0,1.0,5.0,2.0,0.0,1.0,0.0
810,13.0,8.0,7.0,3.0,15.0,11.0,8.0,2.0,1.0,2.0,0.0,0.0
811,26.0,8.0,8.0,2.0,4.0,10.0,11.0,5.0,1.0,3.0,0.0,1.0
812,14.0,22.0,3.0,7.0,12.0,8.0,2.0,5.0,1.0,0.0,0.0,0.0
813,13.0,8.0,5.0,4.0,7.0,18.0,6.0,3.0,0.0,3.0,0.0,0.0
814,5.0,9.0,1.0,3.0,17.0,8.0,2.0,8.0,3.0,3.0,0.0,0.0
815,7.0,12.0,0.0,4.0,12.0,10.0,6.0,2.0,4.0,3.0,1.0,1.0
816,10.0,9.0,6.0,5.0,18.0,7.0,4.0,2.0,1.0,1.0,0.0,0.0
817,11.0,12.0,4.0,2.0,8.0,17.0,4.0,8.0,2.0,4.0,1.0,0.0
818,12.0,6.0,9.0,0.0,7.0,15.0,3.0,4.0,0.0,2.0,0.0,0.0
819,10.0,14.0,4.0,5.0,15.0,13.0,3.0,7.0,5.0,4.0,0.0,0.0
820,11.0,12.0,4.0,3.0,18.0,13.0,3.0,2.0,3.0,1.0,0.0,0.0
821,13.0,8.0,3.0,2.0,21.0,14.0,4.0,1.0,3.0,3.0,0.0,0.0
822,7.0,15.0,3.0,6.0,18.0,7.0,4.0,7.0,1.0,0.0,0.0,0.0
823,14.0,19.0,4.0,5.0,10.0,10.0,7.0,11.0,1.0,0.0,0.0,0.0
824,7.0,9.0,2.0,4.0,11.0,9.0,2.0,2.0,1.0,3.0,0.0,0.0
825,7.0,4.0,2.0,1.0,12.0,22.0,2.0,5.0,1.0,5.0,0.0,0.0
826,10.0,17.0,7.0,8.0,12.0,11.0,4.0,7.0,0.0,3.0,1.0,0.0
827,20.0,11.0,6.0,5.0,12.0,12.0,4.0,3.0,1.0,1.0,0.0,0.0
828,14.0,7.0,8.0,1.0,8.0,9.0,2.0,3.0,0.0,1.0,0.0,0.0
829,7.0,11.0,1.0,5.0,12.0,10.0,6.0,7.0,1.0,0.0,0.0,0.0
830,10.0,19.0,4.0,2.0,13.0,10.0,5.0,3.0,1.0,4.0,0.0,0.0
831,11.0,14.0,3.0,4.0,16.0,16.0,4.0,2.0,0.0,4.0,0.0,0.0
832,8.0,16.0,5.0,9.0,7.0,6.0,3.0,6.0,1.0,1.0,0.0,0.0
833,11.0,2.0,4.0,1.0,8.0,13.0,10.0,2.0,1.0,0.0,0.0,0.0
834,16.0,8.0,3.0,3.0,17.0,14.0,9.0,3.0,2.0,3.0,0.0,0.0
835,24.0,3.0,9.0,2.0,3.0,11.0,4.0,2.0,1.0,1.0,0.0,0.0
836,9.0,11.0,1.0,4.0,10.0,20.0,7.0,3.0,0.0,2.0,1.0,0.0
837,8.0,5.0,2.0,3.0,11.0,17.0,3.0,4.0,0.0,1.0,0.0,0.0
838,11.0,13.0,5.0,3.0,8.0,6.0,4.0,4.0,1.0,0.0,0.0,0.0
839,17.0,4.0,2.0,0.0,11.0,11.0,7.0,4.0,3.0,3.0,0.0,1.0
840,17.0,8.0,6.0,3.0,7.0,10.0,11.0,3.0,0.0,0.0,0.0,0.0
841,6.0,12.0,2.0,3.0,18.0,16.0,4.0,7.0,3.0,3.0,1.0,1.0
842,15.0,9.0,6.0,6.0,12.0,11.0,3.0,0.0,2.0,5.0,0.0,0.0
843,28.0,7.0,10.0,5.0,10.0,12.0,17.0,4.0,2.0,2.0,0.0,0.0
844,12.0,14.0,6.0,4.0,15.0,12.0,5.0,9.0,2.0,1.0,0.0,0.0
845,13.0,12.0,7.0,5.0,14.0,8.0,6.0,4.0,2.0,0.0,0.0,0.0
846,6.0,13.0,1.0,3.0,8.0,6.0,1.0,6.0,1.0,0.0,1.0,0.0
847,15.0,9.0,4.0,5.0,19.0,18.0,8.0,5.0,3.0,4.0,0.0,0.0
848,7.0,9.0,0.0,4.0,11.0,14.0,4.0,3.0,2.0,1.0,0.0,0.0
849,7.0,14.0,3.0,4.0,10.0,13.0,4.0,6.0,1.0,1.0,1.0,0.0
850,10.0,12.0,5.0,4.0,13.0,15.0,4.0,4.0,2.0,3.0,0.0,0.0
851,9.0,20.0,6.0,8.0,9.0,9.0,4.0,6.0,2.0,2.0,0.0,0.0
852,16.0,6.0,6.0,2.0,9.0,10.0,9.0,3.0,2.0,0.0,0.0,0.0
853,9.0,17.0,4.0,4.0,9.0,13.0,3.0,7.0,1.0,0.0,0.0,0.0
854,14.0,8.0,7.0,4.0,5.0,8.0,7.0,3.0,2.0,2.0,0.0,0.0
855,17.0,11.0,7.0,2.0,15.0,13.0,3.0,2.0,0.0,2.0,0.0,0.0
856,13.0,11.0,6.0,3.0,12.0,16.0,0.0,5.0,2.0,2.0,0.0,0.0
857,18.0,11.0,3.0,6.0,7.0,12.0,4.0,2.0,0.0,4.0,0.0,0.0
858,19.0,3.0,7.0,2.0,14.0,11.0,11.0,3.0,1.0,1.0,0.0,0.0
859,13.0,12.0,8.0,4.0,11.0,10.0,3.0,5.0,2.0,1.0,0.0,0.0
860,23.0,7.0,5.0,0.0,12.0,11.0,7.0,1.0,0.0,2.0,1.0,0.0
861,10.0,9.0,4.0,5.0,17.0,11.0,2.0,2.0,3.0,1.0,0.0,0.0
862,16.0,11.0,10.0,5.0,9.0,11.0,6.0,3.0,1.0,2.0,0.0,0.0
863,14.0,10.0,5.0,3.0,8.0,9.0,4.0,2.0,1.0,4.0,0.0,1.0
864,12.0,8.0,6.0,3.0,11.0,16.0,5.0,2.0,1.0,1.0,0.0,0.0
865,25.0,9.0,5.0,2.0,8.0,11.0,7.0,4.0,1.0,4.0,0.0,0.0
866,8.0,7.0,4.0,1.0,10.0,16.0,8.0,4.0,1.0,2.0,0.0,0.0
867,29.0,14.0,10.0,9.0,9.0,10.0,9.0,2.0,0.0,3.0,0.0,1.0
868,9.0,19.0,7.0,6.0,9.0,10.0,7.0,7.0,3.0,2.0,0.0,0.0
869,8.0,18.0,1.0,5.0,15.0,12.0,4.0,5.0,3.0,1.0,1.0,0.0
870,13.0,17.0,4.0,4.0,11.0,10.0,6.0,6.0,1.0,1.0,0.0,0.0
871,11.0,12.0,4.0,8.0,14.0,11.0,4.0,1.0,1.0,1.0,0.0,0.0
872,12.0,13.0,6.0,5.0,13.0,15.0,14.0,5.0,3.0,3.0,0.0,0.0
873,18.0,7.0,9.0,2.0,8.0,17.0,5.0,4.0,0.0,2.0,0.0,1.0
874,18.0,10.0,4.0,2.0,5.0,9.0,6.0,9.0,2.0,1.0,0.0,0.0
875,10.0,13.0,6.0,3.0,11.0,11.0,1.0,6.0,2.0,2.0,0.0,0.0
876,22.0,7.0,12.0,2.0,9.0,9.0,7.0,5.0,1.0,2.0,0.0,0.0
877,12.0,9.0,7.0,1.0,14.0,8.0,4.0,2.0,2.0,2.0,0.0,0.0
878,21.0,9.0,8.0,5.0,14.0,12.0,6.0,5.0,3.0,2.0,0.0,0.0
879,28.0,5.0,8.0,2.0,8.0,9.0,8.0,0.0,0.0,4.0,0.0,1.0
880,9.0,12.0,5.0,5.0,11.0,13.0,4.0,7.0,3.0,2.0,0.0,0.0
881,15.0,5.0,6.0,1.0,11.0,11.0,3.0,5.0,1.0,2.0,0.0,0.0
882,25.0,11.0,5.0,3.0,6.0,9.0,16.0,5.0,2.0,0.0,0.0,0.0
883,7.0,13.0,3.0,5.0,11.0,15.0,6.0,5.0,4.0,1.0,0.0,0.0
884,19.0,6.0,6.0,4.0,17.0,13.0,6.0,2.0,2.0,2.0,0.0,0.0
885,6.0,18.0,0.0,10.0,5.0,6.0,3.0,13.0,0.0,1.0,0.0,0.0
886,17.0,12.0,7.0,5.0,5.0,16.0,7.0,4.0,2.0,5.0,0.0,0.0
887,15.0,13.0,4.0,7.0,11.0,6.0,6.0,7.0,3.0,1.0,1.0,0.0
888,22.0,11.0,8.0,5.0,10.0,9.0,11.0,5.0,4.0,2.0,0.0,0.0
889,9.0,13.0,1.0,4.0,16.0,8.0,2.0,6.0,1.0,0.0,0.0,0.0
890,4.0,18.0,1.0,5.0,9.0,6.0,1.0,8.0,1.0,1.0,0.0,0.0
891,11.0,6.0,7.0,1.0,14.0,8.0,13.0,1.0,2.0,3.0,0.0,1.0
892,26.0,5.0,11.0,0.0,10.0,8.0,21.0,1.0,0.0,0.0,0.0,0.0
893,14.0,13.0,1.0,3.0,17.0,9.0,7.0,6.0,3.0,2.0,0.0,0.0
894,17.0,16.0,11.0,6.0,8.0,13.0,2.0,8.0,1.0,3.0,0.0,0.0
895,18.0,8.0,8.0,5.0,11.0,15.0,3.0,5.0,3.0,1.0,0.0,0.0
896,10.0,5.0,3.0,3.0,4.0,11.0,4.0,3.0,0.0,2.0,0.0,0.0
897,16.0,13.0,2.0,6.0,11.0,18.0,10.0,1.0,2.0,2.0,0.0,0.0
898,11.0,10.0,4.0,4.0,10.0,19.0,6.0,1.0,1.0,3.0,0.0,0.0
899,11.0,19.0,4.0,7.0,17.0,13.0,4.0,7.0,3.0,3.0,0.0,0.0
900,18.0,11.0,11.0,4.0,14.0,12.0,6.0,2.0,1.0,1.0,0.0,0.0
901,10.0,17.0,6.0,5.0,15.0,11.0,5.0,5.0,4.0,1.0,1.0,0.0
902,11.0,16.0,3.0,9.0,15.0,13.0,4.0,3.0,3.0,1.0,0.0,0.0
903,10.0,5.0,5.0,1.0,11.0,15.0,4.0,1.0,3.0,0.0,0.0,0.0
904,13.0,19.0,3.0,8.0,10.0,8.0,7.0,6.0,1.0,0.0,0.0,0.0
905,7.0,22.0,1.0,10.0,13.0,8.0,4.0,13.0,4.0,3.0,0.0,0.0
906,14.0,13.0,9.0,6.0,16.0,17.0,7.0,2.0,2.0,3.0,0.0,0.0
907,2.0,14.0,1.0,5.0,10.0,7.0,3.0,6.0,1.0,1.0,0.0,0.0
908,14.0,5.0,3.0,2.0,13.0,13.0,12.0,2.0,0.0,1.0,0.0,0.0
909,19.0,6.0,8.0,2.0,9.0,13.0,11.0,2.0,1.0,1.0,0.0,0.0
910,10.0,12.0,4.0,1.0,14.0,12.0,6.0,4.0,4.0,1.0,0.0,0.0
911,10.0,10.0,0.0,4.0,11.0,6.0,6.0,2.0,2.0,0.0,0.0,0.0
912,19.0,15.0,9.0,7.0,11.0,12.0,6.0,3.0,0.0,0.0,0.0,0.0
913,13.0,4.0,6.0,2.0,15.0,13.0,6.0,4.0,3.0,1.0,0.0,0.0
914,33.0,6.0,13.0,0.0,8.0,15.0,4.0,4.0,0.0,3.0,0.0,0.0
915,19.0,13.0,4.0,6.0,4.0,10.0,3.0,5.0,2.0,3.0,0.0,0.0
916,9.0,16.0,5.0,8.0,9.0,14.0,0.0,3.0,1.0,3.0,0.0,0.0
917,12.0,14.0,5.0,5.0,9.0,9.0,6.0,7.0,0.0,2.0,0.0,0.0
918,11.0,22.0,3.0,8.0,16.0,21.0,3.0,3.0,2.0,4.0,0.0,0.0
919,10.0,5.0,3.0,2.0,16.0,13.0,3.0,3.0,5.0,3.0,0.0,0.0
920,13.0,22.0,6.0,5.0,14.0,7.0,1.0,4.0,1.0,0.0,0.0,0.0
921,4.0,19.0,2.0,5.0,7.0,12.0,2.0,6.0,3.0,1.0,1.0,0.0
922,10.0,28.0,4.0,10.0,11.0,11.0,2.0,6.0,1.0,0.0,0.0,0.0
923,15.0,8.0,4.0,1.0,15.0,13.0,7.0,7.0,0.0,2.0,0.0,0.0
924,17.0,10.0,4.0,3.0,5.0,9.0,7.0,5.0,1.0,4.0,0.0,0.0
925,21.0,9.0,5.0,2.0,8.0,9.0,4.0,3.0,2.0,2.0,1.0,0.0
926,11.0,7.0,3.0,3.0,13.0,11.0,3.0,2.0,1.0,1.0,0.0,0.0
927,8.0,24.0,3.0,8.0,9.0,12.0,2.0,13.0,4.0,1.0,1.0,0.0
928,28.0,5.0,3.0,2.0,11.0,11.0,7.0,2.0,1.0,2.0,0.0,0.0
929,19.0,8.0,3.0,3.0,11.0,13.0,4.0,5.0,0.0,3.0,0.0,0.0
930,18.0,15.0,5.0,4.0,14.0,18.0,15.0,6.0,4.0,1.0,0.0,0.0
931,9.0,5.0,2.0,3.0,9.0,19.0,3.0,6.0,1.0,1.0,0.0,0.0
932,14.0,12.0,2.0,3.0,14.0,14.0,7.0,3.0,2.0,3.0,0.0,0.0
933,11.0,20.0,3.0,8.0,7.0,9.0,4.0,5.0,1.0,0.0,0.0,0.0
934,8.0,14.0,1.0,4.0,10.0,12.0,0.0,14.0,1.0,2.0,0.0,0.0
935,25.0,4.0,9.0,1.0,8.0,11.0,4.0,1.0,0.0,2.0,0.0,0.0
936,18.0,9.0,8.0,4.0,12.0,11.0,7.0,4.0,3.0,1.0,0.0,0.0
937,16.0,4.0,9.0,1.0,10.0,15.0,0.0,3.0,1.0,4.0,0.0,0.0
938,14.0,9.0,5.0,3.0,13.0,15.0,6.0,1.0,4.0,5.0,0.0,1.0
939,13.0,10.0,2.0,3.0,8.0,20.0,5.0,3.0,2.0,3.0,0.0,0.0
940,9.0,13.0,1.0,7.0,9.0,13.0,4.0,6.0,0.0,2.0,0.0,0.0
941,18.0,7.0,3.0,2.0,11.0,12.0,13.0,2.0,3.0,2.0,1.0,1.0
942,14.0,18.0,4.0,9.0,10.0,14.0,4.0,10.0,1.0,1.0,0.0,0.0
943,10.0,13.0,2.0,4.0,16.0,10.0,7.0,7.0,4.0,2.0,1.0,0.0
944,7.0,16.0,3.0,4.0,10.0,11.0,3.0,2.0,2.0,2.0,0.0,0.0
945,10.0,14.0,7.0,1.0,9.0,10.0,4.0,6.0,0.0,2.0,0.0,0.0
946,24.0,18.0,7.0,3.0,7.0,13.0,6.0,2.0,1.0,3.0,0.0,0.0
947,23.0,7.0,7.0,3.0,11.0,13.0,11.0,4.0,0.0,0.0,0.0,0.0
948,19.0,14.0,5.0,3.0,11.0,9.0,7.0,2.0,2.0,2.0,0.0,0.0
949,23.0,9.0,9.0,3.0,10.0,12.0,8.0,3.0,0.0,1.0,0.0,0.0
950,13.0,15.0,4.0,8.0,15.0,15.0,5.0,9.0,5.0,4.0,1.0,0.0
951,11.0,17.0,4.0,5.0,8.0,9.0,5.0,4.0,0.0,3.0,0.0,0.0
952,17.0,22.0,4.0,5.0,15.0,9.0,3.0,5.0,1.0,2.0,0.0,0.0
953,19.0,23.0,6.0,6.0,7.0,12.0,7.0,10.0,0.0,2.0,0.0,0.0
954,20.0,25.0,4.0,8.0,8.0,18.0,8.0,8.0,1.0,1.0,0.0,0.0
955,15.0,18.0,8.0,5.0,12.0,16.0,4.0,7.0,0.0,2.0,0.0,0.0
956,20.0,13.0,9.0,7.0,10.0,14.0,4.0,1.0,1.0,3.0,0.0,0.0
957,21.0,7.0,6.0,1.0,16.0,16.0,14.0,1.0,0.0,1.0,0.0,0.0
958,22.0,9.0,6.0,1.0,10.0,13.0,6.0,4.0,0.0,1.0,0.0,0.0
959,11.0,8.0,4.0,3.0,9.0,22.0,5.0,0.0,1.0,3.0,0.0,0.0
960,14.0,14.0,4.0,7.0,14.0,12.0,5.0,6.0,2.0,0.0,1.0,0.0
961,24.0,8.0,7.0,5.0,9.0,12.0,8.0,4.0,1.0,2.0,0.0,0.0
962,12.0,8.0,4.0,4.0,6.0,15.0,7.0,7.0,5.0,6.0,1.0,0.0
963,18.0,8.0,5.0,5.0,12.0,6.0,3.0,5.0,2.0,0.0,0.0,1.0
964,9.0,15.0,2.0,4.0,13.0,9.0,4.0,5.0,3.0,0.0,0.0,0.0
965,10.0,15.0,5.0,4.0,18.0,12.0,5.0,4.0,3.0,3.0,0.0,0.0
966,25.0,7.0,4.0,2.0,15.0,15.0,7.0,3.0,1.0,6.0,0.0,0.0
967,25.0,14.0,10.0,8.0,8.0,6.0,5.0,5.0,2.0,3.0,0.0,0.0
968,13.0,16.0,3.0,6.0,5.0,12.0,6.0,6.0,1.0,4.0,0.0,1.0
969,9.0,18.0,4.0,6.0,13.0,6.0,3.0,11.0,5.0,1.0,1.0,1.0
970,9.0,22.0,2.0,4.0,7.0,11.0,3.0,16.0,4.0,3.0,0.0,0.0
971,16.0,13.0,4.0,7.0,8.0,12.0,1.0,7.0,1.0,2.0,0.0,0.0
972,14.0,3.0,5.0,2.0,6.0,23.0,5.0,2.0,0.0,3.0,0.0,0.0
973,14.0,13.0,5.0,3.0,16.0,13.0,8.0,7.0,2.0,1.0,0.0,0.0
974,16.0,15.0,4.0,8.0,12.0,7.0,6.0,6.0,5.0,3.0,0.0,0.0
975,14.0,5.0,3.0,1.0,4.0,14.0,9.0,1.0,0.0,1.0,0.0,0.0
976,20.0,16.0,7.0,6.0,17.0,11.0,5.0,1.0,2.0,4.0,0.0,0.0
977,6.0,15.0,1.0,7.0,8.0,17.0,3.0,2.0,3.0,3.0,1.0,0.0
978,8.0,9.0,1.0,3.0,12.0,11.0,3.0,3.0,1.0,1.0,0.0,0.0
979,13.0,14.0,6.0,3.0,9.0,16.0,3.0,7.0,1.0,4.0,1.0,0.0
980,14.0,6.0,4.0,2.0,10.0,4.0,6.0,0.0,3.0,1.0,0.0,0.0
981,10.0,16.0,7.0,8.0,8.0,14.0,3.0,8.0,2.0,3.0,0.0,0.0
982,18.0,15.0,3.0,5.0,16.0,7.0,10.0,3.0,4.0,1.0,0.0,0.0
983,10.0,10.0,4.0,2.0,13.0,19.0,3.0,7.0,3.0,1.0,0.0,0.0
984,9.0,20.0,3.0,6.0,11.0,15.0,2.0,4.0,1.0,0.0,0.0,0.0
985,11.0,14.0,5.0,3.0,10.0,11.0,6.0,3.0,2.0,1.0,0.0,0.0
986,14.0,22.0,3.0,4.0,3.0,5.0,5.0,13.0,0.0,1.0,0.0,0.0
987,17.0,4.0,7.0,3.0,13.0,13.0,8.0,7.0,1.0,2.0,0.0,0.0
988,18.0,10.0,6.0,7.0,7.0,12.0,4.0,7.0,2.0,2.0,1.0,0.0
989,20.0,12.0,7.0,3.0,12.0,8.0,11.0,4.0,3.0,1.0,0.0,0.0
990,9.0,19.0,3.0,9.0,9.0,10.0,4.0,4.0,3.0,1.0,0.0,0.0
991,22.0,6.0,7.0,3.0,9.0,7.0,14.0,2.0,1.0,3.0,0.0,1.0
992,18.0,13.0,7.0,5.0,9.0,9.0,6.0,6.0,2.0,3.0,0.0,0.0
993,13.0,13.0,4.0,3.0,15.0,10.0,1.0,10.0,2.0,4.0,0.0,0.0
994,19.0,13.0,9.0,3.0,14.0,10.0,8.0,1.0,2.0,3.0,0.0,0.0
995,7.0,16.0,5.0,7.0,13.0,14.0,1.0,6.0,4.0,1.0,0.0,0.0
996,27.0,5.0,12.0,2.0,8.0,10.0,8.0,2.0,0.0,2.0,0.0,0.0
997,18.0,20.0,9.0,6.0,9.0,14.0,4.0,9.0,1.0,3.0,0.0,0.0
998,9.0,12.0,1.0,7.0,3.0,15.0,3.0,5.0,1.0,4.0,0.0,0.0
999,21.0,6.0,11.0,1.0,14.0,14.0,3.0,1.0,0.0,3.0,0.0,1.0
1000,6.0,18.0,2.0,4.0,14.0,9.0,1.0,9.0,4.0,2.0,0.0,0.0
1001,12.0,9.0,6.0,5.0,10.0,8.0,7.0,4.0,2.0,2.0,0.0,0.0
1002,10.0,11.0,5.0,5.0,6.0,12.0,5.0,2.0,2.0,2.0,0.0,0.0
1003,19.0,10.0,9.0,3.0,6.0,10.0,4.0,3.0,1.0,2.0,0.0,0.0
1004,16.0,10.0,5.0,4.0,17.0,15.0,6.0,7.0,3.0,2.0,0.0,1.0
1005,15.0,13.0,8.0,7.0,12.0,14.0,3.0,8.0,2.0,3.0,0.0,0.0
1006,11.0,18.0,4.0,3.0,9.0,12.0,3.0,7.0,1.0,3.0,0.0,0.0
1007,9.0,10.0,5.0,3.0,9.0,7.0,4.0,0.0,0.0,0.0,0.0,0.0
1008,11.0,22.0,7.0,4.0,13.0,15.0,8.0,3.0,1.0,3.0,0.0,0.0
1009,8.0,17.0,5.0,5.0,11.0,13.0,4.0,8.0,3.0,2.0,0.0,0.0
1010,18.0,13.0,9.0,7.0,13.0,13.0,5.0,1.0,1.0,1.0,0.0,0.0
1011,11.0,8.0,5.0,2.0,11.0,9.0,3.0,3.0,4.0,1.0,0.0,0.0
1012,12.0,22.0,4.0,7.0,11.0,10.0,5.0,8.0,1.0,1.0,0.0,0.0
1013,18.0,12.0,9.0,7.0,16.0,15.0,4.0,4.0,2.0,2.0,0.0,0.0
1014,12.0,15.0,3.0,9.0,10.0,16.0,8.0,5.0,3.0,2.0,0.0,0.0
1015,16.0,5.0,4.0,1.0,10.0,13.0,5.0,1.0,1.0,1.0,0.0,0.0
1016,9.0,5.0,5.0,2.0,14.0,7.0,4.0,2.0,3.0,1.0,0.0,0.0
1017,10.0,10.0,2.0,6.0,11.0,13.0,7.0,7.0,3.0,7.0,0.0,0.0
1018,14.0,17.0,5.0,8.0,13.0,12.0,5.0,5.0,3.0,4.0,0.0,0.0
1019,16.0,7.0,2.0,5.0,14.0,13.0,7.0,1.0,2.0,3.0,0.0,0.0
1020,10.0,11.0,4.0,4.0,10.0,19.0,10.0,1.0,1.0,4.0,0.0,0.0
1021,19.0,5.0,6.0,2.0,11.0,6.0,9.0,4.0,3.0,4.0,0.0,0.0
1022,11.0,17.0,3.0,9.0,5.0,4.0,0.0,6.0,3.0,0.0,0.0,0.0
1023,17.0,10.0,4.0,7.0,11.0,13.0,9.0,3.0,3.0,2.0,0.0,0.0
1024,15.0,2.0,9.0,0.0,13.0,10.0,6.0,2.0,2.0,2.0,0.0,0.0
1025,11.0,20.0,4.0,10.0,12.0,14.0,8.0,5.0,1.0,4.0,0.0,0.0
1026,19.0,6.0,7.0,3.0,11.0,10.0,8.0,2.0,2.0,1.0,0.0,1.0
1027,14.0,20.0,7.0,3.0,11.0,12.0,10.0,3.0,2.0,5.0,0.0,0.0
1028,18.0,6.0,6.0,3.0,14.0,19.0,3.0,2.0,2.0,4.0,0.0,0.0
1029,10.0,7.0,5.0,2.0,12.0,10.0,8.0,3.0,1.0,2.0,0.0,0.0
1030,18.0,11.0,8.0,1.0,10.0,9.0,6.0,6.0,2.0,1.0,0.0,0.0
1031,11.0,12.0,5.0,1.0,8.0,11.0,4.0,7.0,2.0,2.0,0.0,0.0
1032,30.0,6.0,10.0,4.0,12.0,13.0,5.0,3.0,4.0,3.0,0.0,0.0
1033,14.0,11.0,4.0,4.0,15.0,11.0,5.0,4.0,3.0,2.0,0.0,0.0
1034,13.0,11.0,4.0,2.0,20.0,12.0,5.0,5.0,2.0,2.0,0.0,0.0
1035,11.0,12.0,3.0,4.0,8.0,14.0,5.0,8.0,2.0,3.0,0.0,0.0
1036,10.0,14.0,3.0,6.0,19.0,13.0,7.0,6.0,4.0,2.0,0.0,0.0
1037,25.0,7.0,8.0,2.0,6.0,12.0,10.0,1.0,1.0,4.0,0.0,1.0
1038,15.0,10.0,3.0,5.0,12.0,12.0,4.0,3.0,2.0,2.0,0.0,0.0
1039,23.0,26.0,7.0,10.0,3.0,11.0,7.0,2.0,0.0,0.0,0.0,0.0
1040,10.0,18.0,4.0,8.0,4.0,8.0,3.0,10.0,0.0,2.0,0.0,0.0
1041,14.0,14.0,3.0,3.0,14.0,10.0,7.0,11.0,1.0,1.0,0.0,0.0
1042,18.0,10.0,5.0,4.0,6.0,9.0,7.0,6.0,0.0,3.0,0.0,0.0
1043,13.0,17.0,6.0,6.0,15.0,12.0,1.0,9.0,2.0,2.0,0.0,0.0
1044,6.0,13.0,5.0,5.0,10.0,8.0,1.0,5.0,1.0,2.0,0.0,0.0
1045,13.0,7.0,5.0,2.0,13.0,10.0,4.0,3.0,2.0,2.0,0.0,0.0
1046,12.0,13.0,6.0,6.0,13.0,15.0,5.0,4.0,1.0,3.0,0.0,0.0
1047,16.0,8.0,6.0,3.0,8.0,13.0,5.0,1.0,1.0,3.0,0.0,0.0
1048,15.0,14.0,2.0,8.0,13.0,6.0,6.0,2.0,4.0,1.0,0.0,0.0
1049,26.0,4.0,13.0,3.0,5.0,10.0,15.0,2.0,0.0,2.0,0.0,1.0
1050,22.0,3.0,10.0,1.0,11.0,14.0,9.0,1.0,0.0,5.0,0.0,0.0
1051,9.0,13.0,4.0,2.0,11.0,9.0,2.0,9.0,3.0,5.0,0.0,0.0
1052,11.0,18.0,4.0,10.0,12.0,8.0,8.0,8.0,0.0,2.0,0.0,0.0
1053,12.0,13.0,4.0,4.0,8.0,14.0,1.0,1.0,2.0,3.0,0.0,0.0
1054,9.0,17.0,3.0,9.0,7.0,12.0,6.0,7.0,3.0,2.0,0.0,0.0
1055,20.0,15.0,4.0,7.0,15.0,8.0,4.0,4.0,3.0,1.0,0.0,0.0
1056,9.0,12.0,3.0,5.0,12.0,14.0,4.0,6.0,4.0,3.0,0.0,0.0
1057,7.0,12.0,6.0,1.0,14.0,8.0,4.0,4.0,3.0,2.0,0.0,0.0
1058,6.0,7.0,1.0,2.0,11.0,21.0,4.0,2.0,1.0,1.0,0.0,0.0
1059,13.0,8.0,4.0,2.0,10.0,11.0,4.0,5.0,0.0,0.0,0.0,1.0
1060,24.0,15.0,8.0,8.0,14.0,10.0,8.0,5.0,2.0,1.0,0.0,0.0
1061,19.0,10.0,5.0,4.0,9.0,13.0,7.0,2.0,2.0,4.0,0.0,0.0
1062,27.0,5.0,9.0,1.0,7.0,12.0,7.0,2.0,0.0,2.0,0.0,0.0
1063,24.0,6.0,13.0,1.0,8.0,14.0,7.0,5.0,2.0,3.0,0.0,0.0
1064,28.0,14.0,8.0,3.0,8.0,8.0,5.0,3.0,2.0,0.0,0.0,1.0
1065,21.0,9.0,6.0,2.0,6.0,12.0,8.0,3.0,0.0,1.0,0.0,0.0
1066,10.0,15.0,3.0,10.0,9.0,8.0,2.0,8.0,1.0,2.0,0.0,0.0
1067,1.0,20.0,1.0,8.0,15.0,8.0,3.0,14.0,5.0,1.0,0.0,0.0
1068,15.0,12.0,6.0,6.0,5.0,7.0,8.0,2.0,2.0,1.0,0.0,0.0
1069,16.0,4.0,7.0,0.0,4.0,17.0,6.0,3.0,0.0,0.0,0.0,0.0
1070,9.0,20.0,3.0,7.0,7.0,15.0,1.0,8.0,1.0,2.0,0.0,0.0
1071,16.0,3.0,8.0,1.0,8.0,9.0,3.0,3.0,1.0,3.0,0.0,0.0
1072,7.0,20.0,3.0,9.0,9.0,10.0,4.0,5.0,1.0,1.0,0.0,0.0
1073,18.0,14.0,7.0,6.0,6.0,15.0,7.0,3.0,2.0,2.0,0.0,0.0
1074,13.0,11.0,3.0,4.0,7.0,12.0,6.0,0.0,0.0,0.0,0.0,1.0
1075,9.0,7.0,2.0,3.0,15.0,14.0,6.0,0.0,1.0,5.0,0.0,1.0
1076,11.0,18.0,2.0,8.0,14.0,14.0,4.0,4.0,1.0,3.0,0.0,0.0
1077,7.0,19.0,4.0,7.0,9.0,13.0,2.0,12.0,1.0,1.0,0.0,0.0
1078,16.0,11.0,6.0,5.0,10.0,9.0,5.0,7.0,2.0,1.0,0.0,0.0
1079,23.0,9.0,7.0,2.0,4.0,15.0,8.0,4.0,2.0,4.0,0.0,0.0
1080,12.0,19.0,3.0,6.0,15.0,15.0,4.0,5.0,2.0,2.0,0.0,0.0
1081,20.0,5.0,4.0,2.0,7.0,13.0,7.0,4.0,0.0,1.0,0.0,0.0
1082,14.0,2.0,9.0,0.0,4.0,12.0,3.0,0.0,0.0,3.0,0.0,1.0
1083,20.0,8.0,8.0,5.0,7.0,12.0,5.0,6.0,1.0,2.0,0.0,0.0
1084,16.0,5.0,5.0,2.0,5.0,9.0,7.0,1.0,2.0,5.0,0.0,0.0
1085,8.0,12.0,4.0,4.0,8.0,10.0,5.0,3.0,2.0,2.0,0.0,0.0
1086,8.0,11.0,3.0,6.0,13.0,14.0,1.0,4.0,2.0,3.0,0.0,0.0
1087,26.0,11.0,7.0,2.0,8.0,13.0,5.0,4.0,2.0,1.0,0.0,0.0
1088,13.0,8.0,3.0,2.0,7.0,16.0,6.0,5.0,3.0,1.0,0.0,0.0
1089,14.0,17.0,6.0,7.0,10.0,11.0,3.0,5.0,0.0,1.0,0.0,0.0
1090,14.0,11.0,5.0,6.0,16.0,19.0,5.0,3.0,3.0,7.0,0.0,0.0
1091,12.0,10.0,4.0,3.0,13.0,14.0,5.0,7.0,2.0,4.0,0.0,2.0
1092,9.0,15.0,3.0,2.0,16.0,8.0,3.0,6.0,4.0,2.0,0.0,0.0
1093,11.0,14.0,2.0,8.0,15.0,13.0,7.0,6.0,3.0,2.0,0.0,0.0
1094,24.0,6.0,8.0,3.0,9.0,12.0,14.0,0.0,0.0,2.0,0.0,1.0
1095,31.0,7.0,10.0,5.0,7.0,10.0,11.0,0.0,1.0,2.0,0.0,0.0
1096,9.0,14.0,5.0,3.0,10.0,25.0,2.0,6.0,3.0,5.0,1.0,0.0
1097,12.0,7.0,3.0,2.0,12.0,12.0,2.0,10.0,1.0,0.0,0.0,0.0
1098,12.0,15.0,4.0,2.0,15.0,21.0,2.0,4.0,2.0,5.0,0.0,0.0
1099,11.0,8.0,5.0,2.0,11.0,15.0,3.0,2.0,2.0,2.0,0.0,0.0
1100,15.0,4.0,4.0,2.0,11.0,14.0,4.0,2.0,1.0,3.0,0.0,1.0
1101,14.0,16.0,7.0,4.0,10.0,9.0,5.0,4.0,2.0,1.0,0.0,0.0
1102,23.0,4.0,12.0,1.0,6.0,6.0,9.0,1.0,2.0,0.0,0.0,1.0
1103,12.0,13.0,4.0,4.0,15.0,12.0,4.0,3.0,1.0,4.0,0.0,0.0
1104,11.0,7.0,4.0,1.0,10.0,20.0,5.0,4.0,1.0,1.0,0.0,0.0
1105,11.0,9.0,7.0,6.0,8.0,12.0,15.0,5.0,0.0,2.0,0.0,0.0
1106,10.0,12.0,3.0,4.0,18.0,13.0,8.0,3.0,1.0,4.0,0.0,0.0
1107,11.0,13.0,3.0,4.0,9.0,18.0,5.0,9.0,2.0,4.0,0.0,1.0
1108,18.0,4.0,5.0,1.0,17.0,8.0,8.0,4.0,1.0,0.0,1.0,0.0
1109,11.0,13.0,3.0,4.0,6.0,12.0,5.0,5.0,1.0,4.0,0.0,0.0
1110,17.0,6.0,6.0,3.0,17.0,8.0,6.0,8.0,2.0,2.0,0.0,0.0
1111,15.0,10.0,3.0,2.0,8.0,11.0,5.0,3.0,0.0,2.0,0.0,0.0
1112,11.0,8.0,5.0,2.0,10.0,18.0,7.0,9.0,3.0,3.0,0.0,0.0
1113,17.0,9.0,3.0,4.0,14.0,8.0,4.0,4.0,4.0,2.0,0.0,0.0
1114,21.0,4.0,6.0,1.0,8.0,11.0,7.0,4.0,0.0,2.0,0.0,0.0
1115,2.0,13.0,1.0,9.0,15.0,11.0,5.0,3.0,3.0,0.0,1.0,0.0
1116,11.0,14.0,2.0,1.0,10.0,12.0,5.0,3.0,1.0,2.0,0.0,0.0
1117,16.0,8.0,6.0,4.0,11.0,7.0,5.0,2.0,0.0,0.0,0.0,0.0
1118,20.0,11.0,10.0,2.0,11.0,11.0,12.0,3.0,1.0,3.0,0.0,1.0
1119,13.0,12.0,5.0,2.0,14.0,10.0,3.0,5.0,1.0,1.0,0.0,0.0
1120,21.0,11.0,9.0,5.0,9.0,12.0,6.0,8.0,1.0,2.0,0.0,0.0
1121,17.0,6.0,0.0,0.0,17.0,15.0,13.0,1.0,2.0,5.0,0.0,1.0
1122,15.0,6.0,3.0,4.0,9.0,12.0,6.0,2.0,2.0,2.0,0.0,0.0
1123,7.0,13.0,4.0,3.0,14.0,11.0,0.0,4.0,0.0,4.0,0.0,1.0
1124,6.0,18.0,2.0,9.0,11.0,15.0,5.0,6.0,4.0,1.0,0.0,0.0
1125,17.0,12.0,8.0,4.0,9.0,11.0,2.0,2.0,1.0,1.0,0.0,0.0
1126,4.0,8.0,3.0,4.0,18.0,14.0,4.0,3.0,3.0,1.0,0.0,0.0
1127,6.0,19.0,4.0,7.0,14.0,13.0,3.0,6.0,2.0,2.0,0.0,0.0
1128,10.0,9.0,3.0,3.0,10.0,9.0,5.0,6.0,0.0,3.0,0.0,0.0
1129,15.0,12.0,3.0,3.0,9.0,11.0,8.0,2.0,1.0,1.0,0.0,0.0
1130,9.0,11.0,4.0,1.0,2.0,8.0,4.0,4.0,0.0,0.0,0.0,0.0
1131,16.0,11.0,6.0,6.0,14.0,16.0,5.0,3.0,0.0,4.0,0.0,0.0
1132,13.0,8.0,5.0,5.0,13.0,8.0,7.0,4.0,1.0,2.0,0.0,0.0
1133,12.0,8.0,7.0,4.0,9.0,17.0,5.0,4.0,1.0,3.0,0.0,0.0
1134,12.0,17.0,1.0,8.0,10.0,12.0,5.0,4.0,2.0,3.0,0.0,0.0
1135,15.0,7.0,3.0,1.0,11.0,12.0,5.0,1.0,1.0,4.0,0.0,0.0
1136,12.0,15.0,5.0,6.0,9.0,9.0,7.0,6.0,1.0,2.0,0.0,0.0
1137,9.0,9.0,2.0,2.0,10.0,11.0,4.0,6.0,3.0,3.0,0.0,0.0
1138,19.0,11.0,7.0,7.0,13.0,10.0,9.0,5.0,3.0,1.0,0.0,1.0
1139,10.0,12.0,5.0,5.0,13.0,8.0,4.0,6.0,2.0,2.0,0.0,0.0
1140,19.0,4.0,11.0,0.0,13.0,15.0,11.0,3.0,0.0,0.0,0.0,0.0
1141,14.0,15.0,5.0,3.0,12.0,20.0,8.0,4.0,2.0,1.0,0.0,0.0
1142,17.0,12.0,7.0,4.0,10.0,14.0,8.0,5.0,1.0,3.0,0.0,0.0
1143,10.0,21.0,4.0,4.0,7.0,8.0,3.0,3.0,0.0,1.0,0.0,0.0
1144,3.0,15.0,1.0,5.0,9.0,10.0,3.0,10.0,0.0,1.0,0.0,0.0
1145,6.0,11.0,2.0,2.0,15.0,17.0,2.0,8.0,1.0,1.0,0.0,1.0
1146,10.0,11.0,2.0,5.0,11.0,9.0,4.0,3.0,3.0,1.0,0.0,0.0
1147,19.0,6.0,5.0,4.0,6.0,11.0,7.0,5.0,0.0,2.0,0.0,0.0
1148,20.0,7.0,8.0,2.0,13.0,10.0,10.0,5.0,0.0,2.0,0.0,0.0
1149,18.0,11.0,5.0,6.0,4.0,11.0,8.0,3.0,3.0,1.0,0.0,0.0
1150,7.0,17.0,2.0,5.0,12.0,15.0,4.0,3.0,3.0,1.0,0.0,0.0
1151,13.0,9.0,5.0,5.0,2.0,17.0,5.0,5.0,0.0,0.0,0.0,0.0
1152,17.0,11.0,5.0,4.0,7.0,13.0,5.0,6.0,1.0,2.0,0.0,0.0
1153,13.0,19.0,5.0,8.0,5.0,10.0,4.0,8.0,0.0,1.0,0.0,0.0
1154,9.0,13.0,3.0,4.0,12.0,12.0,4.0,3.0,3.0,5.0,0.0,1.0
1155,20.0,4.0,8.0,1.0,6.0,11.0,11.0,4.0,1.0,4.0,0.0,1.0
1156,13.0,12.0,9.0,5.0,8.0,10.0,1.0,6.0,0.0,2.0,0.0,0.0
1157,14.0,16.0,4.0,5.0,14.0,9.0,3.0,6.0,4.0,1.0,0.0,0.0
1158,12.0,9.0,4.0,2.0,10.0,13.0,5.0,6.0,4.0,1.0,0.0,1.0
1159,15.0,11.0,8.0,4.0,12.0,5.0,4.0,2.0,2.0,1.0,0.0,0.0
1160,18.0,11.0,5.0,8.0,8.0,16.0,7.0,7.0,1.0,5.0,0.0,1.0
1161,20.0,8.0,8.0,2.0,8.0,7.0,4.0,3.0,2.0,4.0,0.0,1.0
1162,14.0,13.0,6.0,5.0,11.0,10.0,7.0,3.0,0.0,1.0,0.0,0.0
1163,10.0,28.0,4.0,7.0,11.0,7.0,0.0,8.0,0.0,1.0,0.0,0.0
1164,7.0,12.0,3.0,4.0,11.0,18.0,2.0,9.0,1.0,1.0,0.0,1.0
1165,17.0,16.0,6.0,7.0,9.0,13.0,5.0,4.0,2.0,2.0,0.0,0.0
1166,14.0,10.0,3.0,3.0,14.0,12.0,11.0,6.0,1.0,4.0,0.0,0.0
1167,13.0,8.0,6.0,2.0,12.0,13.0,6.0,2.0,2.0,2.0,0.0,0.0
1168,11.0,18.0,2.0,6.0,14.0,12.0,6.0,5.0,3.0,1.0,0.0,0.0
1169,14.0,8.0,9.0,4.0,10.0,20.0,4.0,3.0,2.0,5.0,0.0,0.0
1170,7.0,12.0,2.0,4.0,9.0,10.0,2.0,4.0,1.0,2.0,0.0,0.0
1171,20.0,13.0,8.0,7.0,8.0,12.0,3.0,2.0,1.0,5.0,0.0,0.0
1172,3.0,21.0,3.0,7.0,16.0,13.0,1.0,8.0,5.0,2.0,2.0,0.0
1173,16.0,17.0,8.0,10.0,10.0,11.0,4.0,3.0,4.0,4.0,0.0,0.0
1174,11.0,8.0,5.0,3.0,16.0,13.0,7.0,4.0,1.0,3.0,0.0,0.0
1175,23.0,14.0,6.0,7.0,13.0,7.0,13.0,6.0,1.0,4.0,0.0,1.0
1176,13.0,10.0,5.0,2.0,7.0,16.0,6.0,5.0,0.0,4.0,0.0,1.0
1177,13.0,8.0,6.0,3.0,10.0,14.0,5.0,3.0,2.0,2.0,0.0,0.0
1178,9.0,12.0,2.0,5.0,11.0,12.0,4.0,3.0,0.0,1.0,0.0,0.0
1179,7.0,15.0,5.0,5.0,10.0,16.0,6.0,6.0,4.0,3.0,1.0,0.0
1180,12.0,16.0,3.0,6.0,8.0,6.0,0.0,6.0,2.0,2.0,0.0,0.0
1181,20.0,3.0,11.0,0.0,11.0,11.0,6.0,3.0,1.0,2.0,0.0,0.0
1182,19.0,17.0,6.0,8.0,8.0,12.0,6.0,7.0,1.0,1.0,0.0,0.0
1183,15.0,7.0,5.0,3.0,8.0,4.0,6.0,5.0,1.0,1.0,0.0,0.0
1184,22.0,9.0,10.0,2.0,10.0,10.0,4.0,3.0,1.0,1.0,0.0,0.0
1185,16.0,12.0,4.0,8.0,12.0,5.0,7.0,2.0,4.0,1.0,0.0,0.0
1186,16.0,14.0,8.0,8.0,11.0,10.0,11.0,4.0,2.0,4.0,0.0,0.0
1187,18.0,9.0,6.0,2.0,14.0,11.0,10.0,8.0,3.0,3.0,0.0,1.0
1188,19.0,9.0,7.0,3.0,12.0,8.0,7.0,4.0,1.0,1.0,0.0,0.0
1189,17.0,15.0,5.0,5.0,12.0,8.0,5.0,4.0,2.0,1.0,0.0,0.0
1190,21.0,6.0,6.0,1.0,9.0,6.0,8.0,4.0,0.0,2.0,0.0,0.0
1191,15.0,20.0,3.0,7.0,7.0,14.0,9.0,4.0,2.0,3.0,0.0,0.0
1192,12.0,7.0,5.0,4.0,6.0,12.0,4.0,2.0,1.0,4.0,0.0,0.0
1193,15.0,12.0,7.0,4.0,12.0,16.0,0.0,4.0,0.0,1.0,0.0,0.0
1194,6.0,13.0,1.0,7.0,9.0,19.0,5.0,5.0,3.0,4.0,0.0,0.0
1195,12.0,12.0,2.0,4.0,13.0,15.0,4.0,5.0,2.0,1.0,0.0,0.0
1196,17.0,17.0,7.0,4.0,10.0,12.0,4.0,3.0,1.0,1.0,0.0,0.0
1197,19.0,11.0,6.0,6.0,6.0,10.0,5.0,4.0,0.0,2.0,0.0,0.0
1198,15.0,23.0,6.0,7.0,9.0,12.0,3.0,10.0,2.0,3.0,0.0,0.0
1199,14.0,11.0,3.0,4.0,8.0,10.0,6.0,3.0,1.0,2.0,0.0,0.0
1200,18.0,9.0,4.0,5.0,9.0,9.0,4.0,3.0,1.0,1.0,0.0,0.0
1201,14.0,3.0,10.0,2.0,14.0,9.0,3.0,2.0,2.0,4.0,0.0,0.0
1202,15.0,10.0,4.0,3.0,13.0,10.0,6.0,5.0,2.0,2.0,0.0,0.0
1203,19.0,8.0,6.0,4.0,4.0,11.0,6.0,4.0,2.0,2.0,0.0,0.0
1204,14.0,12.0,6.0,5.0,8.0,9.0,4.0,5.0,0.0,1.0,0.0,0.0
1205,15.0,13.0,8.0,5.0,11.0,10.0,6.0,2.0,2.0,0.0,0.0,0.0
1206,16.0,13.0,6.0,6.0,16.0,16.0,4.0,1.0,1.0,3.0,0.0,0.0
1207,10.0,10.0,5.0,4.0,10.0,11.0,2.0,3.0,3.0,1.0,0.0,0.0
1208,16.0,8.0,7.0,1.0,10.0,14.0,4.0,1.0,1.0,1.0,0.0,0.0
1209,19.0,12.0,8.0,9.0,12.0,8.0,8.0,3.0,4.0,1.0,0.0,0.0
1210,18.0,10.0,4.0,2.0,15.0,12.0,7.0,3.0,4.0,3.0,0.0,1.0
1211,12.0,9.0,8.0,4.0,11.0,8.0,5.0,5.0,0.0,1.0,0.0,0.0
1212,12.0,18.0,4.0,7.0,11.0,13.0,2.0,7.0,0.0,1.0,0.0,0.0
1213,17.0,19.0,4.0,3.0,5.0,14.0,4.0,3.0,1.0,2.0,0.0,0.0
1214,12.0,8.0,2.0,4.0,10.0,12.0,10.0,1.0,2.0,3.0,0.0,0.0
1215,11.0,7.0,5.0,3.0,9.0,12.0,2.0,1.0,1.0,0.0,0.0,0.0
1216,16.0,13.0,4.0,5.0,9.0,13.0,6.0,2.0,1.0,2.0,0.0,0.0
1217,24.0,17.0,4.0,6.0,7.0,14.0,8.0,3.0,1.0,2.0,0.0,0.0
1218,9.0,9.0,3.0,3.0,10.0,12.0,2.0,1.0,2.0,0.0,0.0,0.0
1219,10.0,17.0,2.0,7.0,8.0,10.0,10.0,5.0,0.0,1.0,0.0,0.0
1220,9.0,18.0,2.0,6.0,11.0,6.0,5.0,11.0,1.0,0.0,0.0,0.0
1221,9.0,14.0,3.0,5.0,17.0,18.0,5.0,5.0,3.0,3.0,0.0,0.0
1222,13.0,14.0,4.0,2.0,10.0,10.0,4.0,4.0,1.0,3.0,0.0,0.0
1223,9.0,16.0,3.0,6.0,10.0,13.0,2.0,8.0,3.0,1.0,0.0,0.0
1224,7.0,15.0,4.0,2.0,9.0,12.0,4.0,4.0,0.0,0.0,0.0,0.0
1225,20.0,7.0,9.0,4.0,8.0,6.0,9.0,4.0,2.0,0.0,0.0,0.0
1226,10.0,21.0,3.0,7.0,11.0,11.0,1.0,6.0,4.0,5.0,2.0,0.0
1227,21.0,15.0,5.0,5.0,8.0,9.0,4.0,2.0,3.0,0.0,0.0,0.0
1228,10.0,7.0,3.0,1.0,9.0,11.0,5.0,2.0,1.0,0.0,0.0,0.0
1229,21.0,9.0,8.0,2.0,18.0,10.0,10.0,4.0,3.0,1.0,0.0,1.0
1230,10.0,13.0,4.0,5.0,20.0,12.0,4.0,2.0,5.0,2.0,0.0,0.0
1231,11.0,2.0,3.0,0.0,8.0,10.0,6.0,0.0,0.0,0.0,0.0,0.0
1232,1.0,9.0,0.0,2.0,15.0,15.0,2.0,6.0,2.0,1.0,0.0,0.0
1233,12.0,12.0,5.0,4.0,15.0,7.0,5.0,6.0,5.0,2.0,0.0,0.0
1234,28.0,5.0,7.0,2.0,14.0,8.0,7.0,2.0,1.0,2.0,0.0,0.0
1235,3.0,10.0,0.0,3.0,12.0,7.0,4.0,6.0,4.0,2.0,0.0,0.0
1236,21.0,4.0,3.0,1.0,12.0,14.0,10.0,1.0,0.0,4.0,0.0,0.0
1237,15.0,8.0,5.0,2.0,10.0,7.0,8.0,4.0,2.0,2.0,0.0,0.0
1238,10.0,12.0,6.0,4.0,9.0,12.0,6.0,7.0,0.0,1.0,0.0,0.0
1239,10.0,6.0,4.0,2.0,12.0,10.0,4.0,6.0,2.0,2.0,0.0,0.0
1240,12.0,14.0,4.0,9.0,14.0,13.0,8.0,4.0,4.0,3.0,0.0,0.0
1241,11.0,18.0,5.0,7.0,12.0,16.0,2.0,10.0,2.0,2.0,0.0,0.0
1242,3.0,15.0,2.0,7.0,6.0,7.0,3.0,3.0,1.0,1.0,0.0,0.0
1243,17.0,10.0,7.0,4.0,17.0,11.0,7.0,2.0,2.0,0.0,0.0,0.0
1244,23.0,11.0,6.0,6.0,7.0,13.0,14.0,7.0,2.0,3.0,0.0,0.0
1245,10.0,16.0,2.0,6.0,10.0,8.0,3.0,10.0,0.0,2.0,0.0,0.0
1246,15.0,17.0,3.0,5.0,8.0,13.0,6.0,3.0,0.0,3.0,0.0,0.0
1247,17.0,9.0,4.0,2.0,7.0,9.0,6.0,3.0,1.0,1.0,0.0,0.0
1248,12.0,9.0,6.0,2.0,10.0,8.0,3.0,9.0,0.0,4.0,0.0,1.0
1249,24.0,14.0,9.0,7.0,11.0,15.0,5.0,6.0,5.0,3.0,0.0,0.0
1250,19.0,10.0,2.0,4.0,10.0,14.0,9.0,4.0,3.0,2.0,0.0,0.0
1251,14.0,17.0,7.0,7.0,10.0,4.0,5.0,4.0,2.0,2.0,0.0,0.0
1252,11.0,15.0,8.0,7.0,4.0,8.0,5.0,2.0,1.0,0.0,0.0,0.0
1253,17.0,7.0,5.0,0.0,14.0,6.0,4.0,3.0,3.0,1.0,0.0,0.0
1254,22.0,4.0,8.0,3.0,8.0,12.0,8.0,1.0,2.0,2.0,0.0,0.0
1255,18.0,6.0,4.0,1.0,14.0,19.0,5.0,4.0,1.0,4.0,0.0,0.0
1256,15.0,11.0,7.0,6.0,7.0,12.0,6.0,3.0,3.0,1.0,0.0,1.0
1257,12.0,14.0,4.0,7.0,10.0,6.0,3.0,7.0,1.0,1.0,0.0,0.0
1258,22.0,12.0,9.0,8.0,12.0,12.0,9.0,8.0,1.0,2.0,0.0,0.0
1259,14.0,13.0,5.0,3.0,14.0,13.0,7.0,8.0,1.0,4.0,0.0,1.0
1260,12.0,11.0,6.0,5.0,11.0,13.0,6.0,4.0,3.0,2.0,1.0,0.0
1261,21.0,6.0,8.0,0.0,9.0,13.0,13.0,0.0,1.0,1.0,0.0,1.0
1262,15.0,15.0,8.0,8.0,14.0,14.0,7.0,5.0,2.0,1.0,0.0,0.0
1263,15.0,13.0,3.0,6.0,12.0,14.0,7.0,6.0,3.0,2.0,0.0,0.0
1264,19.0,13.0,4.0,4.0,9.0,11.0,14.0,2.0,2.0,2.0,0.0,0.0
1265,11.0,13.0,5.0,4.0,13.0,13.0,6.0,1.0,3.0,2.0,0.0,0.0
1266,5.0,13.0,0.0,2.0,11.0,11.0,3.0,8.0,2.0,3.0,1.0,0.0
1267,12.0,11.0,3.0,2.0,7.0,10.0,2.0,1.0,0.0,2.0,0.0,1.0
1268,12.0,5.0,3.0,1.0,8.0,11.0,4.0,2.0,1.0,3.0,0.0,0.0
1269,15.0,9.0,5.0,0.0,4.0,16.0,0.0,1.0,1.0,5.0,0.0,0.0
1270,11.0,25.0,7.0,6.0,9.0,11.0,0.0,7.0,1.0,3.0,0.0,0.0
1271,15.0,16.0,4.0,4.0,17.0,22.0,0.0,2.0,4.0,1.0,0.0,0.0
1272,13.0,4.0,4.0,0.0,10.0,17.0,11.0,3.0,4.0,4.0,0.0,0.0
1273,21.0,11.0,10.0,3.0,8.0,8.0,4.0,5.0,1.0,1.0,0.0,0.0
1274,15.0,15.0,8.0,10.0,18.0,10.0,1.0,5.0,4.0,3.0,0.0,0.0
1275,22.0,10.0,6.0,5.0,10.0,13.0,8.0,4.0,3.0,4.0,0.0,0.0
1276,15.0,8.0,4.0,3.0,8.0,12.0,8.0,6.0,1.0,1.0,0.0,0.0
